{"initial_reset_timestamp": 1706875920.4415734, "timestamps": [1706875922.884675, 1706875925.7935283, 1706875928.144734, 1706875930.7663202, 1706875934.1824074, 1706875941.593456, 1706875949.2335563, 1706875956.5431828, 1706875963.772295, 1706875970.5221257, 1706875979.9753518, 1706875986.5567436, 1706875992.3959754, 1706875998.263341, 1706876004.9741242, 1706876010.9985163, 1706876017.0603442, 1706876023.0042353, 1706876028.9135575, 1706876034.8043935, 1706876043.88616, 1706876050.1574905, 1706876056.112865, 1706876061.4760575, 1706876067.2607505, 1706876073.0945733, 1706876078.8946655, 1706876085.040768, 1706876091.4164405, 1706876098.1009276, 1706876106.4347856, 1706876112.515519, 1706876119.1993988, 1706876125.7188923, 1706876132.3304682, 1706876139.2603116, 1706876145.6562653, 1706876153.0206916, 1706876160.2084005, 1706876166.750514, 1706876174.70574, 1706876180.7777722, 1706876187.2008371, 1706876193.3777547, 1706876199.4844787, 1706876205.306767, 1706876211.6948295, 1706876217.4003983, 1706876223.142383, 1706876229.1960175, 1706876237.3334556, 1706876243.576023, 1706876249.8300533, 1706876256.0306776, 1706876261.952404, 1706876268.0882356, 1706876274.477972, 1706876280.587049, 1706876286.2342815, 1706876291.966662, 1706876299.7281537, 1706876305.9412599, 1706876312.726925, 1706876320.0298948, 1706876326.65955, 1706876333.4438472, 1706876340.4107535, 1706876347.332518, 1706876354.4438808, 1706876361.2729065, 1706876368.8659286, 1706876375.3001547, 1706876381.1280022, 1706876388.457242, 1706876395.0349317, 1706876402.32243, 1706876408.510789, 1706876415.135046, 1706876421.579446, 1706876428.2272768, 1706876437.4164631, 1706876443.848519, 1706876450.9738412, 1706876458.208776, 1706876465.3043606, 1706876471.9001029, 1706876478.8908784, 1706876485.919811, 1706876492.8749404, 1706876499.8444207, 1706876509.5671332, 1706876516.5913687, 1706876523.776529, 1706876530.1630044, 1706876536.3411822, 1706876542.972225, 1706876549.7887697, 1706876556.4749312, 1706876563.1943862, 1706876570.3921432, 1706876580.0347874, 1706876587.2078512, 1706876594.5966234, 1706876601.6479633, 1706876608.9372604, 1706876616.1538007, 1706876622.6264486, 1706876628.8561232, 1706876635.6724942, 1706876642.0884223, 1706876650.4952078, 1706876656.9534516, 1706876663.9601548, 1706876670.6018536, 1706876676.8428998, 1706876683.2582235, 1706876689.694204, 1706876696.527041, 1706876702.9698508, 1706876709.1893055, 1706876716.604734, 1706876722.70045, 1706876728.6609828, 1706876734.4598744, 1706876740.746038, 1706876747.0548718, 1706876753.5309453, 1706876760.3519242, 1706876767.1112013, 1706876774.118443, 1706876783.3129075, 1706876790.3469522, 1706876796.2862525, 1706876802.224122, 1706876808.2461684, 1706876814.5300014, 1706876820.8713615, 1706876827.6659276, 1706876834.7188723, 1706876840.961043, 1706876848.878378, 1706876855.891733, 1706876863.4166796, 1706876870.1088033, 1706876876.0030918, 1706876882.4708798, 1706876889.746123, 1706876896.9750853, 1706876903.7898245, 1706876909.9145467], "episode_lengths": [200, 200, 200, 200, 200, 200, 200, 200, 200, 200, 200, 200, 200, 200, 200, 200, 200, 200, 200, 200, 200, 200, 200, 200, 200, 200, 200, 200, 200, 200, 200, 200, 200, 200, 200, 200, 200, 200, 200, 200, 200, 200, 200, 200, 200, 200, 200, 200, 200, 200, 200, 200, 200, 200, 200, 200, 200, 200, 200, 200, 200, 200, 200, 200, 200, 200, 200, 200, 200, 200, 200, 200, 200, 200, 200, 200, 200, 200, 200, 200, 200, 200, 200, 200, 200, 200, 200, 200, 200, 200, 200, 200, 200, 200, 200, 200, 200, 200, 200, 200, 200, 200, 200, 200, 200, 200, 200, 200, 200, 200, 200, 200, 200, 200, 200, 200, 200, 200, 200, 200, 200, 200, 200, 200, 200, 200, 200, 200, 200, 200, 200, 200, 200, 200, 200, 200, 200, 200, 200, 200, 200, 200, 200, 200, 200, 200, 200, 200, 200, 200], "episode_rewards": [-1897.8910499322178, -1344.4582781443373, -1799.040390993414, -1139.4039197995676, -1784.7246133884673, -1287.9878945340754, -1367.5878784262175, -1688.1249084312428, -970.9728468808933, -1263.7188817318495, -1683.6698923701447, -1350.6798929667066, -1257.303908976035, -1713.5317730632735, -1047.2744290354865, -1567.5589971865325, -985.9226607002122, -1585.5837746370325, -1206.8264987170783, -922.7618661341284, -765.0720450491331, -1712.3327827016344, -1303.321151669603, -1506.6071546426078, -1314.1625576192212, -912.9478486113113, -1230.7987507898572, -1092.207031658491, -1462.5883902265473, -1139.9951611882077, -1293.6325367409072, -1196.5644824152605, -1197.664349092082, -1095.1726354628258, -1126.090506688965, -1274.7483958969983, -1644.1669089491566, -1668.56352708458, -1191.9025288605087, -955.6520213508809, -1378.5052180172606, -1100.6392490661535, -1184.1077212393134, -1003.3617028209267, -755.9501408710001, -1192.0169726740935, -1065.487270042626, -634.3593048880587, -1214.6216281794811, -1562.8323011163302, -1097.7844156821589, -894.8463500452968, -1019.3353797166154, -886.9640111254212, -1069.8680775561352, -1184.2837013575388, -1076.4589631461433, -1125.736766324843, -1568.579110396617, -1039.964432607357, -1202.8864187018655, -980.9598698475348, -1066.6240414865506, -1069.1308887876346, -988.2772134675097, -1225.4236834334424, -1024.4570461995943, -890.5024541301832, -1296.0466999706075, -899.0793464234537, -1194.2085351724866, -754.672198587496, -1012.2260823860848, -1033.1265766627148, -1160.354793570933, -1321.0454727666204, -1044.9728145004551, -710.0620698661371, -1355.0443993560814, -895.5987172191567, -1347.938019598151, -1120.7003928427416, -1188.1589071813357, -791.2910003148411, -1033.3611912959338, -1056.2300817187738, -1.4323946563641394, -903.2976434440668, -1416.2642446708608, -1019.014747230362, -776.1721159504192, -494.77493469965634, -534.0779316640052, -1231.0485237547334, -1333.799226309657, -758.1969524868629, -1108.3414876915788, -255.59063246578467, -678.3597094452608, -1419.2460522746169, -1286.9331912360433, -1406.8979913202197, -1326.3100720014504, -1414.3717608484112, -1349.0583758837754, -516.6860779231279, -1844.6124851482402, -1128.9063866960178, -608.5171416546697, -363.37797331000866, -243.16573703663357, -1328.3259806691528, -1555.0231302919667, -377.5743450896655, -367.68625409834635, -368.2160738820598, -1673.2466414488306, -2.1130998362260613, -126.4531422075743, -411.64396010957313, -0.6946205990783645, -506.1588033060374, -867.3904056792812, -511.2774242514411, -788.4523827806543, -518.9564987377549, -594.110997543789, -779.4912421876072, -1170.545810657531, -606.3440157182338, -257.30452556712453, -363.3674348656054, -372.14475979576684, -130.56023227633335, -364.4085471641233, -121.96196046859018, -126.78338452042246, -641.23321895199, -118.9578760243935, -131.53627551222087, -8.153135587313182, -263.16788687794156, -128.9692883331545, -1360.142037643076, -1.8594375539416628, -128.38993369786232, -247.54878401935918, -123.37195748230862, -769.6735206512292, -118.19158072138737], "episode_types": ["t", "t", "t", "t", "t", "t", "t", "t", "t", "t", "t", "t", "t", "t", "t", "t", "t", "t", "t", "t", "t", "t", "t", "t", "t", "t", "t", "t", "t", "t", "t", "t", "t", "t", "t", "t", "t", "t", "t", "t", "t", "t", "t", "t", "t", "t", "t", "t", "t", "t", "t", "t", "t", "t", "t", "t", "t", "t", "t", "t", "t", "t", "t", "t", "t", "t", "t", "t", "t", "t", "t", "t", "t", "t", "t", "t", "t", "t", "t", "t", "t", "t", "t", "t", "t", "t", "t", "t", "t", "t", "t", "t", "t", "t", "t", "t", "t", "t", "t", "t", "t", "t", "t", "t", "t", "t", "t", "t", "t", "t", "t", "t", "t", "t", "t", "t", "t", "t", "t", "t", "t", "t", "t", "t", "t", "t", "t", "t", "t", "t", "t", "t", "t", "t", "t", "t", "t", "t", "t", "t", "t", "t", "t", "t", "t", "t", "t", "t", "t", "t"]}