{"initial_reset_timestamp": 1706873267.9410012, "timestamps": [1706873270.7589953, 1706873273.262322, 1706873275.8185604, 1706873278.395369, 1706873280.951823, 1706873286.0236385, 1706873291.0330594, 1706873296.0886507, 1706873300.9073908, 1706873306.0248578, 1706873312.6285446, 1706873317.5469244, 1706873322.4808614, 1706873327.7385526, 1706873332.7167137, 1706873338.0157232, 1706873343.0937562, 1706873348.0260549, 1706873352.767579, 1706873357.6682384, 1706873364.8681211, 1706873369.7811613, 1706873374.7859151, 1706873379.507492, 1706873384.1553328, 1706873389.0266097, 1706873393.85101, 1706873398.7574308, 1706873403.7893422, 1706873408.832273, 1706873414.9131536, 1706873420.714235, 1706873426.5017738, 1706873432.1499481, 1706873437.6074035, 1706873443.5539043, 1706873449.4541929, 1706873454.8393214, 1706873459.9682066, 1706873465.1298652, 1706873473.4117808, 1706873479.282357, 1706873484.255007, 1706873489.9821799, 1706873494.838019, 1706873500.4141421, 1706873505.2939875, 1706873511.1352296, 1706873517.0260513, 1706873522.1275718, 1706873528.924004, 1706873533.8018024, 1706873540.6088164, 1706873546.1199105, 1706873551.276971, 1706873556.259898, 1706873561.4663894, 1706873566.597002, 1706873572.0590465, 1706873577.0150182, 1706873584.8748877, 1706873590.0909564, 1706873595.6958036, 1706873602.243548, 1706873607.5798843, 1706873613.368153, 1706873618.9142847, 1706873625.0170465, 1706873630.4974446, 1706873635.8179555, 1706873642.3702095, 1706873648.1852863, 1706873655.5221922, 1706873661.521013, 1706873666.7310288, 1706873672.2193835, 1706873678.1670048, 1706873683.581037, 1706873689.9234333, 1706873697.0179777, 1706873704.2631333, 1706873709.5301452, 1706873714.7849507, 1706873719.6345015, 1706873725.526172, 1706873730.481927, 1706873735.1779463, 1706873739.9554324, 1706873744.6794357, 1706873749.8802269, 1706873758.022288, 1706873763.4112942, 1706873768.8614473, 1706873774.1790137, 1706873779.5157738, 1706873784.784046, 1706873790.0836456, 1706873795.2819893, 1706873800.010266, 1706873804.843898, 1706873811.3525043, 1706873816.5810728, 1706873821.6748788, 1706873826.5329416, 1706873831.2788346, 1706873836.276423, 1706873841.3860183, 1706873846.0862885, 1706873850.5741143, 1706873855.1226792, 1706873860.9675798, 1706873865.8150203, 1706873870.0272994, 1706873874.6043222, 1706873879.1990113, 1706873884.1715853, 1706873889.1684482, 1706873894.4682937, 1706873899.5147278, 1706873904.7510777, 1706873912.0629935, 1706873917.4648588, 1706873922.7011337, 1706873927.6744826, 1706873932.7142878, 1706873938.1316693, 1706873943.4722016, 1706873948.805974, 1706873954.3723059, 1706873959.8472993, 1706873967.7580924, 1706873972.8755689, 1706873977.887632, 1706873983.1513126, 1706873988.0655494, 1706873993.2512856, 1706873998.2624338, 1706874003.5503244, 1706874008.5922973, 1706874013.5905652, 1706874020.9712632, 1706874026.1415162, 1706874031.1862106, 1706874036.1673093, 1706874041.1946483, 1706874046.5295923, 1706874051.7397459, 1706874056.7119195, 1706874061.8495996, 1706874066.8593283], "episode_lengths": [200, 200, 200, 200, 200, 200, 200, 200, 200, 200, 200, 200, 200, 200, 200, 200, 200, 200, 200, 200, 200, 200, 200, 200, 200, 200, 200, 200, 200, 200, 200, 200, 200, 200, 200, 200, 200, 200, 200, 200, 200, 200, 200, 200, 200, 200, 200, 200, 200, 200, 200, 200, 200, 200, 200, 200, 200, 200, 200, 200, 200, 200, 200, 200, 200, 200, 200, 200, 200, 200, 200, 200, 200, 200, 200, 200, 200, 200, 200, 200, 200, 200, 200, 200, 200, 200, 200, 200, 200, 200, 200, 200, 200, 200, 200, 200, 200, 200, 200, 200, 200, 200, 200, 200, 200, 200, 200, 200, 200, 200, 200, 200, 200, 200, 200, 200, 200, 200, 200, 200, 200, 200, 200, 200, 200, 200, 200, 200, 200, 200, 200, 200, 200, 200, 200, 200, 200, 200, 200, 200, 200, 200, 200, 200, 200, 200, 200, 200, 200, 200], "episode_rewards": [-1120.7796621345906, -1520.40153540007, -1489.6183956772563, -932.7935545609088, -1394.23820094461, -1127.046455862608, -1248.1739333860742, -1165.8444271927553, -1334.4032821008461, -1229.4004355896134, -1317.2126521890018, -1147.1451086670013, -1266.0407973849317, -975.8263688821213, -1169.5844427377601, -797.2371587784079, -1445.2021566154215, -1298.1619556965045, -1526.6089051955323, -1624.8658662069167, -1125.1568069322784, -968.4420796328523, -1158.5403221138722, -1627.8616447025913, -840.0855206968486, -814.6736918703832, -502.3407683567774, -1474.8032674621952, -1101.0278942663188, -1236.5709811512208, -509.89699587075194, -496.86770770920424, -781.0916779988394, -1076.9552305770972, -1416.0258242617515, -506.4653475140807, -1278.1269868832792, -544.7696991502737, -372.67482353667583, -5.197260655141025, -516.4344209493796, -1540.398575970256, -522.6472837961926, -373.34534791196967, -899.5874957865746, -527.1255088381519, -704.5566039363977, -366.5370628053312, -579.9878673441258, -1627.7599531567348, -962.6141628905706, -1067.4232349415925, -507.52091780860144, -1420.019815458203, -771.6381879815759, -1177.2734465176427, -669.8716061913032, -743.7724892371094, -1648.4007315314407, -957.0794616324929, -891.0630625127433, -1529.6192776805356, -1264.6425009415802, -1111.3261305668411, -1667.0590441793215, -782.7455975845297, -1509.2416242201016, -1567.8551815429385, -714.8596601343761, -917.6212114462131, -733.5656773910199, -760.8553834543277, -127.52143460528194, -564.8866452390484, -618.0954887884245, -252.71889641804668, -1588.4090981939225, -129.14149349316946, -1699.0872374557832, -128.56879345443252, -378.9902505921879, -393.3845199338802, -1612.3865003812891, -1207.2316771652381, -675.368546500862, -1561.7059048878693, -120.06101255273542, -1820.2790162966082, -372.4163128143752, -680.6124461643623, -862.0997584157128, -767.409052482269, -509.38335118127634, -718.1367620579795, -565.3485969138469, -726.4359061938216, -386.8369261182524, -1162.727267500276, -820.1316194600715, -1820.0498184535911, -125.49152649077281, -126.85383776488767, -1291.7220231046406, -242.8171121105465, -1.2182841714338326, -246.33930442632376, -325.45876783046185, -611.5382115666239, -249.99967948185068, -125.41897873275722, -119.55541273945494, -239.48281364770634, -238.9907493317878, -380.00353979866804, -2.2146376498166687, -122.35547553449383, -118.79354661362618, -1336.9927932449532, -124.8356684458044, -115.34798454320544, -380.85641815313573, -125.5214374851359, -362.2965796783905, -1844.1807865214262, -237.60087226114413, -121.75871884916599, -124.45934711727031, -354.68584882299075, -235.34194550273517, -1.0322099184923001, -121.39375924568365, -1056.3976637278838, -254.58198908334606, -122.48170260746714, -526.5300904322245, -250.611912062309, -245.3238487066415, -122.64122898641479, -1197.709000046338, -1171.5333869225587, -126.52304706363167, -1483.261134027301, -1372.113962654346, -124.38076188239732, -1433.4636617655583, -497.3671348836331, -1.1583240488988762, -125.24600367693017, -1480.5991901229368, -2.0847271839316717], "episode_types": ["t", "t", "t", "t", "t", "t", "t", "t", "t", "t", "t", "t", "t", "t", "t", "t", "t", "t", "t", "t", "t", "t", "t", "t", "t", "t", "t", "t", "t", "t", "t", "t", "t", "t", "t", "t", "t", "t", "t", "t", "t", "t", "t", "t", "t", "t", "t", "t", "t", "t", "t", "t", "t", "t", "t", "t", "t", "t", "t", "t", "t", "t", "t", "t", "t", "t", "t", "t", "t", "t", "t", "t", "t", "t", "t", "t", "t", "t", "t", "t", "t", "t", "t", "t", "t", "t", "t", "t", "t", "t", "t", "t", "t", "t", "t", "t", "t", "t", "t", "t", "t", "t", "t", "t", "t", "t", "t", "t", "t", "t", "t", "t", "t", "t", "t", "t", "t", "t", "t", "t", "t", "t", "t", "t", "t", "t", "t", "t", "t", "t", "t", "t", "t", "t", "t", "t", "t", "t", "t", "t", "t", "t", "t", "t", "t", "t", "t", "t", "t", "t"]}