{"initial_reset_timestamp": 1706864245.1714003, "timestamps": [1706864254.8608968, 1706864263.9500024, 1706864273.261834, 1706864282.4840093, 1706864291.9712672, 1706864301.4507382, 1706864311.006581, 1706864320.3220937, 1706864329.5664265, 1706864338.8958392, 1706864348.1388736, 1706864357.5025992, 1706864366.5076926, 1706864376.2298188, 1706864385.8729925, 1706864395.2840302, 1706864406.019337, 1706864416.0190666, 1706864425.4844265, 1706864434.9300861, 1706864444.3411872, 1706864453.7080743, 1706864463.262918, 1706864472.286378, 1706864482.053285, 1706864491.7350402, 1706864501.2184193, 1706864511.042052, 1706864520.9423742, 1706864530.030752, 1706864539.6539617, 1706864549.7977495, 1706864559.2292418, 1706864568.6698956, 1706864578.453129, 1706864588.7018156, 1706864598.8544111, 1706864608.686652, 1706864618.200173, 1706864627.5648284, 1706864637.6767237, 1706864647.819713, 1706864658.4796815, 1706864667.9442666, 1706864677.1759756, 1706864686.2432091, 1706864695.276584, 1706864704.5888078, 1706864714.0680802, 1706864724.7070282, 1706864734.0878901, 1706864744.3602712, 1706864753.6884284, 1706864763.0474222, 1706864772.790717, 1706864782.2104971, 1706864791.589629, 1706864801.0438428, 1706864810.7346673, 1706864820.7955346, 1706864830.6105378, 1706864840.7126343, 1706864851.0033193, 1706864861.3347707, 1706864871.4369526, 1706864880.9799814, 1706864890.867934, 1706864900.8571193, 1706864910.3792465, 1706864920.5122814, 1706864929.989752, 1706864939.1127396, 1706864948.2368846, 1706864958.3909245, 1706864967.8796582, 1706864977.2019749, 1706864987.8231099, 1706864997.0913572, 1706865006.8258486, 1706865017.2149796, 1706865026.7137275, 1706865037.154017, 1706865046.5354898, 1706865056.8484764, 1706865066.0165622, 1706865075.347827, 1706865084.975924, 1706865094.5252206, 1706865103.9098775, 1706865113.3914013, 1706865122.436614, 1706865131.435625, 1706865140.6030948, 1706865149.6037388, 1706865158.6035204, 1706865167.6695626, 1706865176.8484302, 1706865185.8590171, 1706865194.859105, 1706865203.8600338], "episode_lengths": [200, 200, 200, 200, 200, 200, 200, 200, 200, 200, 200, 200, 200, 200, 200, 200, 200, 200, 200, 200, 200, 200, 200, 200, 200, 200, 200, 200, 200, 200, 200, 200, 200, 200, 200, 200, 200, 200, 200, 200, 200, 200, 200, 200, 200, 200, 200, 200, 200, 200, 200, 200, 200, 200, 200, 200, 200, 200, 200, 200, 200, 200, 200, 200, 200, 200, 200, 200, 200, 200, 200, 200, 200, 200, 200, 200, 200, 200, 200, 200, 200, 200, 200, 200, 200, 200, 200, 200, 200, 200, 200, 200, 200, 200, 200, 200, 200, 200, 200, 200], "episode_rewards": [-1205.5134019435764, -959.7382331399643, -1683.1780348229854, -6.658433670548137, -134.59908284237108, -1265.0872050646794, -393.99197808705935, -132.78493625219403, -125.82924330226277, -127.85140755637335, -4.863735493190794, -256.84720498553924, -126.08096996185411, -273.17087876437444, -246.7371025853011, -121.84481796773434, -247.40382272928517, -259.30860358861264, -136.21977420452095, -130.41530203529456, -11.612304013811587, -10.060862542669856, -132.03477702837645, -134.45450940275794, -131.05375886219255, -364.72355330418, -10.665240517395041, -126.92991328569894, -299.40649476018285, -9.498901294396541, -248.8359089180743, -337.0279710843693, -130.6117245165888, -241.8623936365716, -229.60021308440105, -262.30424904990406, -132.88270666423955, -128.47787827719557, -7.495232344387987, -374.30523175191, -246.20239249480798, -130.39299719696345, -131.79816477290032, -248.53887950091075, -239.25196741024996, -137.27306838950852, -123.0398387641669, -242.45889401502487, -128.1259061642641, -131.97543110567676, -374.5539775762953, -133.7563786582833, -126.39450125212596, -233.99086477614625, -13.356611419578732, -114.52132124598836, -125.63159486778984, -127.44090694833487, -124.79872776363271, -119.79047614914798, -121.31428113255924, -240.68910881450873, -323.394579810881, -255.31166898653154, -121.50035390545564, -241.8953520428881, -238.96068470570708, -119.41269171038772, -238.23998114353213, -236.74626128301816, -122.2103790465746, -124.48933872874586, -242.30314669512805, -255.24180281564426, -7.311211858271967, -129.8450764876707, -310.4475876198395, -127.1308832996039, -356.1720887502956, -131.38091904417138, -132.71526998926123, -147.83425863120277, -140.50179133934103, -246.13909666149104, -258.12113177941393, -8.23996897334288, -121.43949591987614, -123.736916748148, -234.20393556878707, -5.501986196758924, -234.5189015894933, -230.6060740682309, -2.6479745068361664, -244.89023383017204, -122.61317194983299, -262.4696483977231, -119.6463049199429, -128.6615677757831, -124.43863772264783, -121.13209904029075], "episode_types": ["t", "t", "t", "t", "t", "t", "t", "t", "t", "t", "t", "t", "t", "t", "t", "t", "t", "t", "t", "t", "t", "t", "t", "t", "t", "t", "t", "t", "t", "t", "t", "t", "t", "t", "t", "t", "t", "t", "t", "t", "t", "t", "t", "t", "t", "t", "t", "t", "t", "t", "t", "t", "t", "t", "t", "t", "t", "t", "t", "t", "t", "t", "t", "t", "t", "t", "t", "t", "t", "t", "t", "t", "t", "t", "t", "t", "t", "t", "t", "t", "t", "t", "t", "t", "t", "t", "t", "t", "t", "t", "t", "t", "t", "t", "t", "t", "t", "t", "t", "t"]}