{"initial_reset_timestamp": 1706875320.179862, "timestamps": [1706875326.0798848, 1706875333.7125707, 1706875341.4336278, 1706875348.552107, 1706875355.6111577, 1706875363.0961103, 1706875371.1376846, 1706875378.9981968, 1706875388.0387638, 1706875395.3593884, 1706875402.6151114, 1706875409.984053, 1706875418.4821045, 1706875426.5368717, 1706875434.1575341, 1706875441.6855402, 1706875448.955809, 1706875456.2741675, 1706875463.3690977, 1706875471.0486445, 1706875478.5853739, 1706875486.0891268, 1706875492.8654456, 1706875499.776451, 1706875506.8881257, 1706875514.293632, 1706875521.2773106, 1706875528.4916966, 1706875535.851293, 1706875543.382659, 1706875550.9782865, 1706875558.5443933, 1706875565.6272316, 1706875572.4382463, 1706875579.525525, 1706875586.8154662, 1706875594.2758832, 1706875601.5083542, 1706875608.6264637, 1706875616.204156, 1706875624.1892543, 1706875631.2218716, 1706875638.9694848, 1706875646.1984017, 1706875653.653187, 1706875660.7254632, 1706875668.1425598, 1706875675.564225, 1706875683.105295, 1706875690.8040047, 1706875698.8794694, 1706875706.6536272, 1706875714.3159928, 1706875722.438852, 1706875730.7942913, 1706875739.577077, 1706875747.5476165, 1706875754.9977205, 1706875763.0817268, 1706875771.142936, 1706875778.875364, 1706875786.874158, 1706875794.9276729, 1706875802.9458501, 1706875811.541721, 1706875819.7296379, 1706875827.7587628, 1706875835.765519, 1706875843.8892756, 1706875852.1477892, 1706875860.0364108, 1706875867.5643392, 1706875874.6498482, 1706875883.4579082, 1706875893.3111372, 1706875901.9423664, 1706875911.0773516, 1706875920.450085, 1706875929.0655198, 1706875937.5243452], "episode_lengths": [200, 200, 200, 200, 200, 200, 200, 200, 200, 200, 200, 200, 200, 200, 200, 200, 200, 200, 200, 200, 200, 200, 200, 200, 200, 200, 200, 200, 200, 200, 200, 200, 200, 200, 200, 200, 200, 200, 200, 200, 200, 200, 200, 200, 200, 200, 200, 200, 200, 200, 200, 200, 200, 200, 200, 200, 200, 200, 200, 200, 200, 200, 200, 200, 200, 200, 200, 200, 200, 200, 200, 200, 200, 200, 200, 200, 200, 200, 200, 200], "episode_rewards": [-978.3309594218531, -1395.4441084606053, -1303.8008022757688, -1582.6262264512884, -1271.7743320405978, -1114.9836300150469, -3.050395386002055, -129.5839035157802, -247.78702337602036, -124.47945502294746, -122.26978495711437, -390.8849499306926, -247.9871559925518, -318.2774435083205, -247.60369838526202, -246.2418126871586, -121.79876646541535, -129.8519138902242, -120.9042412680845, -123.62911718904691, -288.6310611281335, -246.1508847291181, -119.88302410253378, -121.58890199678807, -283.8712635344207, -248.29382953912045, -122.1311695960258, -130.33771287422178, -122.32229095520927, -241.51721595090225, -253.99478265371056, -228.9234295850692, -128.82190067831056, -129.12055740531594, -249.63661747683838, -239.2594093146607, -128.76044978735362, -8.340633623608657, -6.9841097749283305, -370.7253279851515, -125.28060672148914, -122.98201788675024, -364.22952649758975, -134.18395319791026, -235.41097115770313, -115.73280370945025, -206.84558797614596, -235.83516766243875, -375.2587753598709, -248.99909219716545, -122.81276550892451, -244.82151153873795, -229.95872795826668, -126.61570169594157, -248.34494001946635, -273.01915358378, -132.6738173724341, -129.6160223691549, -123.27469561044826, -12.634911691873107, -234.0069833758046, -262.0827255449882, -127.95508425949514, -383.2958212359621, -122.67629837665453, -254.47479759100497, -444.44611365906877, -239.62609634761301, -131.59999869811483, -126.73823323950695, -127.66554060559255, -8.60442463040416, -121.00929812523785, -134.06116530256625, -125.24907054419069, -130.00037416524253, -130.51117866702552, -242.94321824452985, -125.7117584140575, -266.2672553359529], "episode_types": ["t", "t", "t", "t", "t", "t", "t", "t", "t", "t", "t", "t", "t", "t", "t", "t", "t", "t", "t", "t", "t", "t", "t", "t", "t", "t", "t", "t", "t", "t", "t", "t", "t", "t", "t", "t", "t", "t", "t", "t", "t", "t", "t", "t", "t", "t", "t", "t", "t", "t", "t", "t", "t", "t", "t", "t", "t", "t", "t", "t", "t", "t", "t", "t", "t", "t", "t", "t", "t", "t", "t", "t", "t", "t", "t", "t", "t", "t", "t", "t"]}