{"initial_reset_timestamp": 1706841844.447351, "timestamps": [1706841852.24139, 1706841861.058293, 1706841869.7739627, 1706841879.8896341, 1706841889.1981285, 1706841898.3833423, 1706841907.7937331, 1706841917.5680368, 1706841927.002635, 1706841936.4217675, 1706841946.439309, 1706841956.2410314, 1706841967.6363204, 1706841978.926693, 1706841989.2566729, 1706842000.2264736, 1706842010.842745, 1706842021.7916167, 1706842031.640834, 1706842042.1818466, 1706842052.8309598, 1706842063.478776, 1706842073.8338482, 1706842084.6228914, 1706842095.2852306, 1706842105.9029696, 1706842116.8992732, 1706842127.0758274, 1706842137.293781, 1706842147.5095773, 1706842157.269363, 1706842166.8921645, 1706842177.5675955, 1706842187.3606672, 1706842197.3288057, 1706842207.7783678, 1706842217.138095, 1706842225.9096534, 1706842235.054395, 1706842246.2085595, 1706842254.8001993, 1706842263.8970387, 1706842272.8009553, 1706842282.1790802, 1706842290.5310001, 1706842300.456633, 1706842309.8857043, 1706842319.908981, 1706842329.603523, 1706842339.4004502, 1706842350.3705478, 1706842361.6973689, 1706842373.2477493, 1706842384.280784, 1706842394.1522624, 1706842403.6340802, 1706842413.7139497, 1706842424.5214715, 1706842435.9358704, 1706842446.5150294, 1706842456.11176, 1706842467.234425, 1706842477.8515832, 1706842488.5484452, 1706842500.1099055, 1706842511.315595, 1706842520.8993778, 1706842530.8811545, 1706842541.2064767, 1706842551.6385484, 1706842562.0919468, 1706842574.4249504, 1706842584.8844442, 1706842595.5511863, 1706842605.131585, 1706842614.1684377, 1706842623.9955828, 1706842634.4629064, 1706842644.8228517, 1706842654.2528334, 1706842664.2088823, 1706842673.5034854, 1706842684.1764183, 1706842694.3173354, 1706842702.8572662, 1706842712.092844, 1706842721.321916, 1706842731.0621202, 1706842741.027748, 1706842749.8632998, 1706842759.5814235, 1706842768.9088426, 1706842778.1830876, 1706842787.429882, 1706842796.681451, 1706842806.758114, 1706842815.2653, 1706842825.6116037, 1706842835.0224376, 1706842845.0710652, 1706842854.208509, 1706842863.4565275, 1706842872.77092, 1706842881.718822, 1706842891.0762458, 1706842901.0811923, 1706842911.0740454, 1706842921.4535692, 1706842930.9852533, 1706842940.606037, 1706842950.2949224, 1706842959.4296002, 1706842969.2931976, 1706842979.0930114, 1706842988.9263897, 1706842997.8332288, 1706843007.1623027, 1706843016.9525673, 1706843026.7568653, 1706843037.371008, 1706843047.0110018, 1706843057.9467986, 1706843068.5519328, 1706843078.6719959, 1706843088.110852, 1706843098.384434, 1706843108.040293, 1706843118.9483376, 1706843129.4425416, 1706843140.1734061, 1706843150.2748146, 1706843161.4217548, 1706843171.9308026, 1706843181.2457082, 1706843190.8714385, 1706843199.930539, 1706843209.3627622, 1706843220.4824538, 1706843230.4811835, 1706843240.0470092, 1706843249.3661926, 1706843259.3407924, 1706843268.734539, 1706843278.457052, 1706843288.2747436, 1706843298.2113507, 1706843308.8064923, 1706843319.761038, 1706843330.9837482, 1706843341.6395879, 1706843352.4132073, 1706843363.2992005, 1706843373.143764, 1706843383.8666322, 1706843394.383227, 1706843404.0745795, 1706843413.7426267, 1706843423.1652195, 1706843432.3482776, 1706843442.5009184, 1706843452.6784863, 1706843463.2602823, 1706843473.683695, 1706843484.0692408, 1706843494.0959985, 1706843504.4359388, 1706843514.7715018, 1706843525.329651, 1706843536.2636292, 1706843546.6125503, 1706843557.048368, 1706843567.4835286, 1706843577.6760123, 1706843588.0264692, 1706843598.3530235, 1706843608.7511573, 1706843619.1865098, 1706843629.5948944, 1706843640.2962158, 1706843651.2216392, 1706843661.812117, 1706843672.2348142, 1706843682.7410383, 1706843693.150382, 1706843703.7331245, 1706843714.0482903, 1706843724.384151, 1706843734.9424794, 1706843745.5457628, 1706843756.3846412, 1706843767.0558336, 1706843777.4574869, 1706843787.9189303, 1706843798.3024461, 1706843808.813512, 1706843819.711425, 1706843830.3673685, 1706843840.9040327, 1706843851.7272122, 1706843862.440421], "episode_lengths": [200, 200, 200, 200, 200, 200, 200, 200, 200, 200, 200, 200, 200, 200, 200, 200, 200, 200, 200, 200, 200, 200, 200, 200, 200, 200, 200, 200, 200, 200, 200, 200, 200, 200, 200, 200, 200, 200, 200, 200, 200, 200, 200, 200, 200, 200, 200, 200, 200, 200, 200, 200, 200, 200, 200, 200, 200, 200, 200, 200, 200, 200, 200, 200, 200, 200, 200, 200, 200, 200, 200, 200, 200, 200, 200, 200, 200, 200, 200, 200, 200, 200, 200, 200, 200, 200, 200, 200, 200, 200, 200, 200, 200, 200, 200, 200, 200, 200, 200, 200, 200, 200, 200, 200, 200, 200, 200, 200, 200, 200, 200, 200, 200, 200, 200, 200, 200, 200, 200, 200, 200, 200, 200, 200, 200, 200, 200, 200, 200, 200, 200, 200, 200, 200, 200, 200, 200, 200, 200, 200, 200, 200, 200, 200, 200, 200, 200, 200, 200, 200, 200, 200, 200, 200, 200, 200, 200, 200, 200, 200, 200, 200, 200, 200, 200, 200, 200, 200, 200, 200, 200, 200, 200, 200, 200, 200, 200, 200, 200, 200, 200, 200, 200, 200, 200, 200, 200, 200, 200, 200, 200, 200, 200, 200, 200, 200, 200, 200, 200, 200],