{"initial_reset_timestamp": 1706877620.7276008, "timestamps": [1706877623.3406708, 1706877625.8789482, 1706877628.4987915, 1706877631.0856833, 1706877633.9839754, 1706877639.489557, 1706877644.4945285, 1706877649.511658, 1706877654.4805253, 1706877659.30325, 1706877666.7258186, 1706877671.7798457, 1706877676.8457031, 1706877681.8910546, 1706877686.499943, 1706877690.6347666, 1706877694.9840987, 1706877699.2810493, 1706877703.7589052, 1706877708.1470778, 1706877713.575851, 1706877718.0007288, 1706877722.5616207, 1706877727.1580896, 1706877731.587036, 1706877736.0196218, 1706877741.0199118, 1706877746.2634284, 1706877751.1932042, 1706877756.1370885, 1706877761.6134768, 1706877766.4476495, 1706877771.5199535, 1706877776.7572322, 1706877781.8849688, 1706877786.7570343, 1706877791.6000922, 1706877796.7559667, 1706877801.8997812, 1706877807.147909, 1706877812.6439605, 1706877817.678129, 1706877822.7666743, 1706877827.8222332, 1706877832.8372, 1706877837.8900542, 1706877842.978347, 1706877847.9749973, 1706877852.9928079, 1706877858.0209687, 1706877865.4860566, 1706877870.5176063, 1706877875.6205752, 1706877880.6594245, 1706877885.6637852, 1706877890.680782, 1706877895.713456, 1706877900.7207296, 1706877905.7728631, 1706877910.8250036, 1706877918.2436345, 1706877923.2731907, 1706877928.2840176, 1706877933.3189168, 1706877938.3606582, 1706877943.3952816, 1706877948.434236, 1706877953.5145657, 1706877958.6414742, 1706877963.7550592, 1706877971.2647521, 1706877976.2972138, 1706877981.2788355, 1706877986.2608242, 1706877991.2899654, 1706877996.3206553, 1706878001.3575265, 1706878006.3929632, 1706878011.373088, 1706878016.2612102, 1706878022.9484673, 1706878027.8341267, 1706878032.3921285, 1706878037.4702766, 1706878042.623892, 1706878047.319951, 1706878052.2543414, 1706878057.2803667, 1706878062.158368, 1706878067.5932045, 1706878073.395238, 1706878077.7163994, 1706878082.347462, 1706878086.9008894, 1706878091.7741015, 1706878096.8515794, 1706878102.08928, 1706878107.1851602, 1706878112.2854986, 1706878117.4528453, 1706878124.6372619, 1706878129.6829045, 1706878134.4761188, 1706878138.903314, 1706878142.912748, 1706878147.0371397, 1706878151.1271818, 1706878155.3856497, 1706878160.4239836, 1706878165.4488924, 1706878172.888618, 1706878177.971795, 1706878182.97813, 1706878187.9526656, 1706878192.9342208, 1706878197.986211, 1706878203.2060263, 1706878207.504305, 1706878212.0183454, 1706878216.4005802, 1706878223.843593, 1706878228.9518015, 1706878233.9391146, 1706878239.0537908, 1706878243.8647377, 1706878248.1324172, 1706878252.6878061, 1706878257.2221098, 1706878261.341595, 1706878266.237741, 1706878273.2336347, 1706878277.4108732, 1706878281.5261693, 1706878285.8878827, 1706878290.0147507, 1706878294.5676095, 1706878298.568318, 1706878303.5231302, 1706878308.5256925, 1706878313.5892086, 1706878321.0235846, 1706878326.285612, 1706878331.3861172, 1706878336.5053935, 1706878341.60708, 1706878346.4386234, 1706878351.0735848, 1706878355.899522, 1706878360.3588438, 1706878364.7562273], "episode_lengths": [200, 200, 200, 200, 200, 200, 200, 200, 200, 200, 200, 200, 200, 200, 200, 200, 200, 200, 200, 200, 200, 200, 200, 200, 200, 200, 200, 200, 200, 200, 200, 200, 200, 200, 200, 200, 200, 200, 200, 200, 200, 200, 200, 200, 200, 200, 200, 200, 200, 200, 200, 200, 200, 200, 200, 200, 200, 200, 200, 200, 200, 200, 200, 200, 200, 200, 200, 200, 200, 200, 200, 200, 200, 200, 200, 200, 200, 200, 200, 200, 200, 200, 200, 200, 200, 200, 200, 200, 200, 200, 200, 200, 200, 200, 200, 200, 200, 200, 200, 200, 200, 200, 200, 200, 200, 200, 200, 200, 200, 200, 200, 200, 200, 200, 200, 200, 200, 200, 200, 200, 200, 200, 200, 200, 200, 200, 200, 200, 200, 200, 200, 200, 200, 200, 200, 200, 200, 200, 200, 200, 200, 200, 200, 200, 200, 200, 200, 200, 200, 200], "episode_rewards": [-1752.6293911915386, -1261.802556313897, -1857.1637936415245, -1699.7909727405736, -1800.3957009576714, -1331.6600696157059, -1469.727981520869, -1493.045359384999, -1376.5376153113084, -857.7926322211391, -1037.4262385713305, -1617.3268693612858, -1518.5453042539812, -1548.0814597142678, -1099.4740137654633, -1415.875118061195, -1467.102569454014, -1383.723414507965, -1382.2177514787513, -1587.86413078993, -1593.0816213344842, -1350.344937331833, -1563.3307886280325, -1135.4435353119845, -1590.806999265049, -1551.8365238414467, -1487.7871286098436, -1383.5094728267218, -1486.260205596415, -1589.6374296974657, -1369.5250772605295, -1247.5747176833088, -1305.738063827333, -1224.122270546676, -1449.7820125310188, -1550.7368877292988, -1509.9486121889947, -1468.9944735776626, -1623.2571583059566, -1552.7051884860066, -1320.4280646250525, -1587.1362699977049, -998.5262986169695, -1499.3446569934003, -1517.541516611143, -1438.1386633591042, -1446.936567699656, -1365.3718911518722, -1590.9310932630779, -1555.0606177821915, -1578.1306603791315, -1596.5004204994575, -1605.6622477704866, -1349.0348115183297, -1414.0224338845956, -1564.0663618492633, -1512.9663024137556, -1532.2715053513307, -1071.6136616557485, -1516.3611874056462, -1541.922470971375, -1101.0101383999854, -1167.7385040162233, -1597.2276859374242, -1407.761968998374, -1614.1948398673458, -1355.9388722984947, -1589.6119939622956, -1530.8419733260396, -1517.4275195549046, -1546.6917003604592, -1566.3752893715275, -1557.890504702818, -1541.2566817806285, -1547.8514851965544, -1613.4656597442465, -1445.989596922755, -1367.6811585845041, -1537.7702581036156, -1495.2897920902033, -1455.8716448256046, -1534.256709956446, -1162.895800559205, -1553.8559395456546, -1538.543351494766, -1623.4038041181632, -1145.0143243511473, -1613.6775888658306, -1540.198430522442, -1504.3053544893514, -1554.980279461431, -1561.805156844485, -1026.8806423824178, -1489.6763575826026, -1555.7975067930686, -1311.136072220331, -1530.4345437115244, -1521.7281754090584, -1401.7803965817227, -1391.1374188329505, -1570.7070484440549, -1597.3510068378116, -1244.3682932767679, -1376.6538994859775, -1638.7343515273276, -1547.274678075399, -1605.2269967431607, -1537.9080459970012, -1506.7987425774675, -1624.6177646670978, -1103.0763995050788, -1154.5778676397765, -1549.829397008136, -1562.1201755165514, -1373.8491176574655, -1584.6813048781219, -1302.1290435716471, -1048.9731141160241, -1338.3650583699516, -1612.714603708349, -1458.671629742132, -1207.1333419532225, -1556.8796300101683, -1396.7382832923977, -1532.8251218803657, -1613.3166230572758, -1586.3712579431888, -1365.1733785778636, -1528.5925858336877, -1624.886969472549, -1559.4960843259862, -1553.1003810824996, -1646.0854554263572, -1545.7191033139197, -1602.6330054692085, -1546.9498508407132, -1383.8563430748811, -1250.880093360321, -1159.9031826963062, -1004.2294270318379, -963.7783362774684, -1614.191903414717, -1603.8805375367713, -1553.1061496382908, -1301.5743187997612, -1523.9757997283164, -1522.7747158015864, -1228.9571539526773, -1589.5076529150042, -1487.5431393162442], "episode_types": ["t", "t", "t", "t", "t", "t", "t", "t", "t", "t", "t", "t", "t", "t", "t", "t", "t", "t", "t", "t", "t", "t", "t", "t", "t", "t", "t", "t", "t", "t", "t", "t", "t", "t", "t", "t", "t", "t", "t", "t", "t", "t", "t", "t", "t", "t", "t", "t", "t", "t", "t", "t", "t", "t", "t", "t", "t", "t", "t", "t", "t", "t", "t", "t", "t", "t", "t", "t", "t", "t", "t", "t", "t", "t", "t", "t", "t", "t", "t", "t", "t", "t", "t", "t", "t", "t", "t", "t", "t", "t", "t", "t", "t", "t", "t", "t", "t", "t", "t", "t", "t", "t", "t", "t", "t", "t", "t", "t", "t", "t", "t", "t", "t", "t", "t", "t", "t", "t", "t", "t", "t", "t", "t", "t", "t", "t", "t", "t", "t", "t", "t", "t", "t", "t", "t", "t", "t", "t", "t", "t", "t", "t", "t", "t", "t", "t", "t", "t", "t", "t"]}