{"initial_reset_timestamp": 1706875937.688675, "timestamps": [1706875944.2132952, 1706875952.559353, 1706875960.4783528, 1706875968.4741986, 1706875977.029198, 1706875984.68757, 1706875991.7536705, 1706875998.7570477, 1706876006.544397, 1706876013.778655, 1706876021.104399, 1706876028.175701, 1706876035.3881855, 1706876043.2688205, 1706876050.814227, 1706876057.5888631, 1706876064.3347473, 1706876071.1866074, 1706876078.5647576, 1706876086.33081, 1706876094.1639614, 1706876101.963057, 1706876109.4957302, 1706876116.7981467, 1706876124.4544516, 1706876132.005805, 1706876139.6995804, 1706876147.2791505, 1706876155.0409856, 1706876163.1156971, 1706876170.5710216, 1706876178.1470504, 1706876185.7718983, 1706876193.035647, 1706876200.6546698, 1706876207.7857888, 1706876215.1208515, 1706876222.0448155, 1706876229.5047896, 1706876237.082293, 1706876244.4176173, 1706876251.809557, 1706876258.8436239, 1706876266.0804853, 1706876273.7201526, 1706876281.2134602, 1706876288.00122, 1706876295.3001316, 1706876302.7544768, 1706876310.3237298, 1706876318.4933417, 1706876326.034446, 1706876333.676671, 1706876341.5442135, 1706876349.5033367, 1706876357.348874, 1706876365.0025253, 1706876372.6085079, 1706876379.7747562, 1706876387.521777, 1706876395.2358649, 1706876403.2296824, 1706876410.7221112, 1706876418.3261533, 1706876425.916925, 1706876433.934533, 1706876441.8079495, 1706876449.4780853, 1706876457.1178668, 1706876464.751302, 1706876472.294283, 1706876480.077295, 1706876487.8862512, 1706876495.5110974, 1706876503.4652772, 1706876511.4535873, 1706876519.3121254, 1706876527.1020467, 1706876534.5093465, 1706876541.8726292], "episode_lengths": [200, 200, 200, 200, 200, 200, 200, 200, 200, 200, 200, 200, 200, 200, 200, 200, 200, 200, 200, 200, 200, 200, 200, 200, 200, 200, 200, 200, 200, 200, 200, 200, 200, 200, 200, 200, 200, 200, 200, 200, 200, 200, 200, 200, 200, 200, 200, 200, 200, 200, 200, 200, 200, 200, 200, 200, 200, 200, 200, 200, 200, 200, 200, 200, 200, 200, 200, 200, 200, 200, 200, 200, 200, 200, 200, 200, 200, 200, 200, 200], "episode_rewards": [-1038.5651981770338, -1498.7664892117689, -1581.1248512884522, -1526.671648838177, -1176.5093945308367, -636.1872646821034, -261.17695575124156, -383.56114685005946, -1077.6613248681135, -124.38561995981159, -138.39701776810787, -117.60823945591756, -120.64642965748618, -241.89164226710486, -239.1571595929519, -252.8228670224856, -431.89226506945494, -639.8411487469787, -125.29006201472043, -125.2031078892829, -381.2665158713323, -493.8055325810157, -118.45676854252854, -123.98204052958701, -11.098567024478626, -141.13683544171593, -137.02548145867755, -227.55456077937455, -270.261392410915, -244.64521055757436, -244.19760706615222, -123.34247700411787, -121.37976513153406, -130.4071500060416, -130.76977672522, -10.729607757265702, -235.62770818926788, -259.83806942381256, -243.7876913564965, -7.545738400244044, -129.24717225498466, -231.72327563032033, -243.35453169275823, -245.24695015802953, -262.33229719111944, -251.35202436938377, -7.079340567611932, -6.3675830353227125, -4.4817703940289295, -129.33920713994607, -130.04717792063647, -119.90440648655022, -124.39132929671827, -129.43605234920508, -242.19775746888507, -120.07541312448261, -124.65716403984273, -5.19998506507291, -119.10397682717763, -125.55321840765748, -234.54280986749959, -245.83099074529562, -135.67024236989772, -257.7949650791735, -129.0756268821282, -9.86022396512202, -131.01582978593856, -11.400525935791892, -242.78483214320116, -256.5672401675804, -248.83895890991644, -118.27500171747737, -118.79726300701282, -374.7817443066433, -135.45078636731236, -130.02873842406197, -366.6814425063114, -253.050127777766, -231.61386702087145, -254.14453505106238], "episode_types": ["t", "t", "t", "t", "t", "t", "t", "t", "t", "t", "t", "t", "t", "t", "t", "t", "t", "t", "t", "t", "t", "t", "t", "t", "t", "t", "t", "t", "t", "t", "t", "t", "t", "t", "t", "t", "t", "t", "t", "t", "t", "t", "t", "t", "t", "t", "t", "t", "t", "t", "t", "t", "t", "t", "t", "t", "t", "t", "t", "t", "t", "t", "t", "t", "t", "t", "t", "t", "t", "t", "t", "t", "t", "t", "t", "t", "t", "t", "t", "t"]}