{"initial_reset_timestamp": 1706882634.4814997, "timestamps": [1706882643.1090255, 1706882653.0597773, 1706882662.6540785, 1706882672.250435, 1706882682.1695263, 1706882691.689966, 1706882701.3743215, 1706882710.581824, 1706882719.5105011, 1706882728.9701622, 1706882738.2231183, 1706882747.8850322, 1706882757.6144056, 1706882767.347523, 1706882778.220462, 1706882788.4504318, 1706882799.0321286, 1706882809.7097085, 1706882819.5084102, 1706882829.236769, 1706882840.526528, 1706882849.8635302, 1706882860.0412621, 1706882868.9051797, 1706882879.003617, 1706882888.731699, 1706882899.566555, 1706882910.3926218, 1706882920.2964697, 1706882932.6326034], "episode_lengths": [200, 200, 200, 200, 200, 200, 200, 200, 200, 200, 200, 200, 200, 200, 200, 200, 200, 200, 200, 200, 200, 200, 200, 200, 200, 200, 200, 200, 200, 200], "episode_rewards": [-904.3894779631934, -1286.5014070548518, -857.7162503402778, -619.8548921214782, -9.732142199059975, -135.0378842566114, -124.43555631416828, -19.629952683880905, -131.5626818949215, -241.29671736020674, -126.98597133867183, -128.63221556287138, -129.13550748224424, -314.40447690228666, -247.5951324460429, -123.97679050815228, -230.63768278001854, -245.27209248199335, -245.06558962337817, -9.230151447684856, -258.34395498396424, -250.37783292555463, -242.8428193573363, -10.770680342444416, -121.53377571439066, -128.2172651402166, -122.67035237340062, -247.43559820862663, -134.0051506369564, -133.57265748014848], "episode_types": ["t", "t", "t", "t", "t", "t", "t", "t", "t", "t", "t", "t", "t", "t", "t", "t", "t", "t", "t", "t", "t", "t", "t", "t", "t", "t", "t", "t", "t", "t"]}