{"initial_reset_timestamp": 1706862646.2755194, "timestamps": [1706862657.474059, 1706862670.9186845, 1706862684.6788664, 1706862698.9751294, 1706862711.934198, 1706862725.2613165, 1706862739.9344518, 1706862754.5563216, 1706862768.3126686, 1706862781.9126422, 1706862795.768925, 1706862810.0243387, 1706862823.2684295, 1706862835.278528, 1706862848.3249962, 1706862861.6238704, 1706862875.1020846, 1706862888.1460521, 1706862900.903032, 1706862913.6473396, 1706862927.8149436, 1706862941.9574392, 1706862954.2917778, 1706862967.4368067, 1706862980.9490683, 1706862994.5192142, 1706863008.8049402, 1706863022.9813938, 1706863036.7161112, 1706863049.9818857, 1706863062.8253005, 1706863075.3043318, 1706863088.4480305, 1706863101.6936796, 1706863115.151393, 1706863128.8378816, 1706863142.4834368, 1706863155.8712976, 1706863169.1708956, 1706863182.2127411, 1706863195.682836, 1706863207.7515752, 1706863220.594022, 1706863234.0732718, 1706863249.1342528, 1706863262.7062821, 1706863275.17794, 1706863288.572402, 1706863301.7178724, 1706863313.150114, 1706863324.906726, 1706863336.4394422, 1706863347.9182339, 1706863359.2951622, 1706863370.696217, 1706863382.2403784, 1706863394.8842523, 1706863407.6858573, 1706863419.88424, 1706863432.6877203, 1706863445.1975482, 1706863457.3968277, 1706863469.8183017, 1706863482.3068402, 1706863495.3417497, 1706863507.985746, 1706863521.3235981, 1706863534.7079434, 1706863547.7299106, 1706863561.0985346, 1706863573.388869, 1706863587.1206453, 1706863600.5113137, 1706863612.7092485, 1706863626.0871196, 1706863638.1034422, 1706863650.7420707, 1706863663.098951, 1706863675.4905357, 1706863689.0879831, 1706863702.201724, 1706863715.4021754, 1706863728.0208395, 1706863740.4661982, 1706863752.8447459, 1706863765.317777, 1706863778.3892179, 1706863790.5224023, 1706863802.1338246, 1706863813.8116043, 1706863825.6785774, 1706863837.2339344, 1706863849.334428, 1706863860.991436, 1706863872.6233454, 1706863884.390562, 1706863896.0236168, 1706863907.6025386, 1706863919.712953, 1706863931.4250855], "episode_lengths": [200, 200, 200, 200, 200, 200, 200, 200, 200, 200, 200, 200, 200, 200, 200, 200, 200, 200, 200, 200, 200, 200, 200, 200, 200, 200, 200, 200, 200, 200, 200, 200, 200, 200, 200, 200, 200, 200, 200, 200, 200, 200, 200, 200, 200, 200, 200, 200, 200, 200, 200, 200, 200, 200, 200, 200, 200, 200, 200, 200, 200, 200, 200, 200, 200, 200, 200, 200, 200, 200, 200, 200, 200, 200, 200, 200, 200, 200, 200, 200, 200, 200, 200, 200, 200, 200, 200, 200, 200, 200, 200, 200, 200, 200, 200, 200, 200, 200, 200, 200], "episode_rewards": [-1652.8687497360277, -1097.2476027196587, -1268.4629955739692, -870.3362768080567, -1263.1421062592344, -766.5092997233194, -659.5926999001465, -783.8878418036122, -657.5233646728734, -124.3608555925517, -133.17351555682595, -1032.4731825236447, -229.2200117450369, -252.29921191196118, -123.91885983751637, -379.8124058363919, -4.617658199611525, -127.65479295583434, -3.838294612386204, -124.78324950975747, -123.92211647120102, -2.101836213491689, -123.81363850634398, -122.92273048520784, -123.36018131276347, -120.14511219559525, -364.09091826459354, -568.974755988009, -241.67461468770153, -258.1024243980428, -383.2078316218549, -249.72748901413348, -240.8928097523435, -378.20243136668944, -260.47179712619015, -118.69132737975399, -122.13254052599899, -240.46514627419668, -333.3848521778973, -2.9555278024799665, -1.8416136333088362, -247.35312635138936, -128.35141494137014, -235.01336817311295, -125.7251276549946, -120.00248478147395, -125.46039127951171, -120.84508593136427, -131.80899876118352, -2.6511696302445023, -126.58787068980345, -128.46898195302253, -131.38441445957233, -5.6006561861775195, -125.21566114194725, -244.51063388560644, -4.050831232291637, -135.31539276823864, -255.4582226380458, -121.1966834110173, -436.19249637563604, -234.77643677385092, -510.193290627485, -229.35289041668156, -240.8527767935393, -129.8340084477241, -5.3485993031355505, -122.89029433904939, -131.2596643322947, -133.01288816456506, -243.09843732467476, -133.17634552811842, -128.59484284555433, -253.39727526384416, -1.8426422315660842, -256.79373359353866, -342.58077667389216, -130.12485684122143, -1.9333816611692742, -131.61372721125036, -4.229687208040217, -236.7847774268393, -375.99295458773264, -540.0313716331149, -668.529590801609, -369.8705763163418, -234.9426942052655, -132.5767944689884, -122.326427790557, -122.79439622303833, -423.4458661914866, -122.87824499385985, -123.34155022308887, -127.3057032913389, -121.8045279094552, -245.2202682674365, -123.3134421199158, -125.85802654043253, -122.29822888944177, -362.24630668621586], "episode_types": ["t", "t", "t", "t", "t", "t", "t", "t", "t", "t", "t", "t", "t", "t", "t", "t", "t", "t", "t", "t", "t", "t", "t", "t", "t", "t", "t", "t", "t", "t", "t", "t", "t", "t", "t", "t", "t", "t", "t", "t", "t", "t", "t", "t", "t", "t", "t", "t", "t", "t", "t", "t", "t", "t", "t", "t", "t", "t", "t", "t", "t", "t", "t", "t", "t", "t", "t", "t", "t", "t", "t", "t", "t", "t", "t", "t", "t", "t", "t", "t", "t", "t", "t", "t", "t", "t", "t", "t", "t", "t", "t", "t", "t", "t", "t", "t", "t", "t", "t", "t"]}