{"initial_reset_timestamp": 1706873696.0687928, "timestamps": [1706873702.6403337, 1706873710.2697651, 1706873718.3461094, 1706873726.4113786, 1706873733.6324043, 1706873740.9778423, 1706873748.6487489, 1706873757.0076387, 1706873765.201318, 1706873773.3182666, 1706873781.469206, 1706873789.367083, 1706873797.1620874, 1706873804.3600073, 1706873812.317429, 1706873820.1408916, 1706873827.717851, 1706873835.22604, 1706873842.9780138, 1706873850.2519433, 1706873857.1542084, 1706873864.415367, 1706873871.1513908, 1706873878.3890767, 1706873885.9212584, 1706873893.5560465, 1706873901.4353309, 1706873909.1101813, 1706873917.5186849, 1706873925.1721034, 1706873932.716296, 1706873940.7227323, 1706873948.883102, 1706873957.0972867, 1706873965.4570246, 1706873973.1780772, 1706873980.6612961, 1706873988.2371385, 1706873995.971605, 1706874003.7867415, 1706874011.2374144, 1706874019.0280387, 1706874027.0556736, 1706874034.616482, 1706874042.1114728, 1706874049.960496, 1706874057.61373, 1706874065.1619885, 1706874073.484123, 1706874082.6716862, 1706874092.2536576, 1706874101.01867, 1706874110.1572366, 1706874118.4312384, 1706874127.013386, 1706874137.6547294, 1706874145.953414, 1706874155.965611, 1706874165.248632, 1706874174.0983071, 1706874182.8683662, 1706874190.6114533, 1706874199.1470523, 1706874207.2890015, 1706874216.5007112, 1706874224.8285558, 1706874232.5858657, 1706874240.7711353, 1706874248.7998855, 1706874256.4611557, 1706874263.903762, 1706874271.4243739, 1706874278.9012544, 1706874287.1033845, 1706874294.5729873, 1706874302.2960882, 1706874310.2352915, 1706874318.3707206, 1706874326.342952, 1706874333.7913287], "episode_lengths": [200, 200, 200, 200, 200, 200, 200, 200, 200, 200, 200, 200, 200, 200, 200, 200, 200, 200, 200, 200, 200, 200, 200, 200, 200, 200, 200, 200, 200, 200, 200, 200, 200, 200, 200, 200, 200, 200, 200, 200, 200, 200, 200, 200, 200, 200, 200, 200, 200, 200, 200, 200, 200, 200, 200, 200, 200, 200, 200, 200, 200, 200, 200, 200, 200, 200, 200, 200, 200, 200, 200, 200, 200, 200, 200, 200, 200, 200, 200, 200], "episode_rewards": [-875.048222919475, -1630.0586057317946, -1670.4882335052348, -1546.5047146953264, -1203.7827021344488, -901.0937729142622, -651.7784731021451, -766.870518646324, -396.0645688459128, -901.7525718236159, -255.83935666965434, -127.93496820582857, -259.18808194554305, -253.08723798446655, -129.84259759200074, -256.9682209405313, -269.5580129335029, -242.9302230876447, -269.0584514342033, -135.44884239862097, -128.0608609035797, -132.6939223868742, -124.3083325708771, -131.66129338221825, -3.390045246373334, -404.1227140333762, -252.39088695539252, -4.915367514350453, -127.78491019007308, -129.3122212069561, -120.64351451783467, -325.4959163090695, -134.4989067507649, -136.42261425864388, -124.23162782254045, -135.26353390392984, -242.95274299347574, -130.20509052504744, -282.7446601290777, -250.62702207752406, -125.72770383540335, -411.07813936186056, -119.29419502373106, -264.1709029925852, -265.55143405169065, -7.268230747345244, -259.5929300536377, -5.137773574077483, -124.5661488954809, -128.67276054446234, -249.64581797610813, -126.46705042029306, -124.5916615715354, -243.8759715963438, -258.695813622828, -130.30933771434727, -431.79575214230374, -122.77748822499554, -125.90216180438208, -122.96650278690933, -126.44310632607038, -258.49147435447605, -614.9281870993896, -378.32730553117773, -127.85412062627476, -129.64978812986058, -9.385632126046973, -131.44295728156368, -6.6398440137016586, -131.3620584275529, -249.59681890847497, -133.1149177883324, -129.80711545873282, -6.075338176397361, -129.45697085026944, -133.88197631775364, -266.2357692197256, -122.7402225115302, -248.66664763596037, -6.655765243721575], "episode_types": ["t", "t", "t", "t", "t", "t", "t", "t", "t", "t", "t", "t", "t", "t", "t", "t", "t", "t", "t", "t", "t", "t", "t", "t", "t", "t", "t", "t", "t", "t", "t", "t", "t", "t", "t", "t", "t", "t", "t", "t", "t", "t", "t", "t", "t", "t", "t", "t", "t", "t", "t", "t", "t", "t", "t", "t", "t", "t", "t", "t", "t", "t", "t", "t", "t", "t", "t", "t", "t", "t", "t", "t", "t", "t", "t", "t", "t", "t", "t", "t"]}