{"initial_reset_timestamp": 1706792299.0342274, "timestamps": [1706792342.5109687, 1706792393.1453726, 1706792444.7567286, 1706792497.471179, 1706792554.4099479, 1706792615.5648878, 1706792673.569219, 1706792733.3641503, 1706792791.6681101, 1706792850.458576, 1706792907.763227, 1706792965.4240139, 1706793024.7626803, 1706793083.7020988, 1706793141.554533, 1706793198.2961252, 1706793257.4587445, 1706793315.616606, 1706793393.545404, 1706793474.1226778, 1706793536.3499575, 1706793595.7717195, 1706793650.5156262, 1706793710.153851, 1706793767.7037556, 1706793822.8868241, 1706793875.6609988, 1706793927.4464767, 1706793975.517824, 1706794027.969984, 1706794080.6085286, 1706794136.523456, 1706794191.3451338, 1706794245.3090699, 1706794296.7622006, 1706794352.884972, 1706794406.1760645, 1706794457.857456, 1706794512.1890123, 1706794564.4552624, 1706794618.1419947, 1706794672.3764656, 1706794724.033642, 1706794778.320785, 1706794832.9336348, 1706794888.9393368, 1706794943.7927973, 1706794999.5051434, 1706795053.3721008, 1706795105.6824763, 1706795157.2919035, 1706795208.224213, 1706795260.815648, 1706795323.732832, 1706795383.7837107, 1706795438.6653657, 1706795494.9508293, 1706795550.0633261, 1706795602.0815897, 1706795653.0373023, 1706795703.5865817, 1706795754.0100677, 1706795804.5010097, 1706795857.6677096, 1706795912.6983283, 1706795969.6487496, 1706796021.9400098, 1706796076.9868522, 1706796132.7977536, 1706796191.746182, 1706796252.1515448, 1706796307.462188, 1706796364.143149, 1706796423.6025543, 1706796476.2750354, 1706796530.6906953, 1706796585.8069987, 1706796639.8767493, 1706796692.1208894, 1706796746.7325962, 1706796805.1673691, 1706796858.4318335, 1706796913.554994, 1706796971.3113518, 1706797024.3027816, 1706797081.7848177, 1706797138.7461612, 1706797192.7864192, 1706797249.0992181, 1706797308.4569728, 1706797370.9085288, 1706797427.7765489, 1706797483.241602, 1706797538.575791, 1706797603.8293781, 1706797659.3775547, 1706797714.6613536, 1706797766.2504334, 1706797821.634724, 1706797881.636005, 1706797937.7106822, 1706797992.5934436, 1706798050.0342684, 1706798103.0481477, 1706798156.5817292, 1706798212.506812, 1706798267.0056248, 1706798319.1471403, 1706798372.233601, 1706798425.683734, 1706798479.3684754, 1706798535.6169543, 1706798591.3031278, 1706798646.3976233, 1706798700.0667412, 1706798756.0120647, 1706798811.2012887, 1706798866.077366, 1706798920.307735, 1706798976.133624, 1706799030.7438004, 1706799083.368072, 1706799138.4111323, 1706799195.8554497, 1706799255.4268918, 1706799311.7660089, 1706799370.3709679, 1706799426.4973693, 1706799483.4251907, 1706799538.20356, 1706799594.4013104, 1706799651.649061, 1706799706.911784, 1706799761.5049725, 1706799815.9747195, 1706799869.937243, 1706799922.967916, 1706799977.936981, 1706800033.5984547, 1706800086.2193248, 1706800142.4342322, 1706800195.8045528, 1706800252.4114041, 1706800308.41609, 1706800361.4375634, 1706800415.035056, 1706800472.6399517, 1706800533.3669283, 1706800588.2393742, 1706800637.536288, 1706800683.4954891, 1706800733.5486374, 1706800781.5895686, 1706800827.7361252, 1706800873.208324, 1706800919.7158074, 1706800967.0407708, 1706801012.8711243, 1706801058.960738, 1706801103.9159381, 1706801150.0942464, 1706801196.8723419, 1706801240.3630178, 1706801283.9831595, 1706801327.5853515, 1706801371.8827477, 1706801423.7676718, 1706801473.639011, 1706801529.6536815, 1706801581.3879962, 1706801632.838043, 1706801707.616767, 1706801770.2392845, 1706801825.5833025, 1706801878.9871788, 1706801935.8856573, 1706801992.266816, 1706802049.81995, 1706802103.4612727, 1706802158.531428, 1706802212.8813045, 1706802268.24266, 1706802317.9941459, 1706802371.8899617, 1706802423.1436079, 1706802480.1432383, 1706802534.5933068, 1706802589.5545294, 1706802647.314115, 1706802701.383998, 1706802753.7753918, 1706802806.5790513, 1706802863.6897736, 1706802918.505896, 1706802971.4686086, 1706803019.520002, 1706803070.5229445, 1706803121.912673, 1706803174.1757724, 1706803224.562045, 1706803272.2487185, 1706803321.5507252, 1706803372.6107926, 1706803424.4017727, 1706803474.9904706, 1706803528.84001, 1706803583.4322615, 1706803631.231708, 1706803681.38506, 1706803731.9367085, 1706803778.5956907, 1706803823.3437634, 1706803866.7539065, 1706803912.953055, 1706803959.8442307, 1706804008.785384, 1706804053.9350471, 1706804098.9594164, 1706804145.9211357, 1706804191.5935338, 1706804237.555028, 1706804283.2597454, 1706804332.2416666, 1706804383.8237066, 1706804433.6840827, 1706804481.4094138, 1706804530.6805422, 1706804582.5805137, 1706804630.87033, 1706804677.5107517, 1706804726.7990553, 1706804774.9360087, 1706804827.261362, 1706804879.3730073, 1706804929.6350203, 1706804981.0308702, 1706805032.1917276, 1706805087.8308609, 1706805137.6724927, 1706805193.38303, 1706805248.1376781, 1706805299.3649423, 1706805349.8793187, 1706805402.903164, 1706805454.014898, 1706805503.5813572, 1706805553.344076, 1706805597.8508396, 1706805643.34165, 1706805689.3084998], "episode_lengths": [200, 200, 200, 200, 200, 200, 200, 200, 200, 200, 200, 200, 200, 200, 200, 200, 200, 200, 200, 200, 200, 200, 200, 200, 200, 200, 200, 200, 200, 200, 200, 200, 200, 200, 200, 200, 200, 200, 200, 200, 200, 200, 200, 200, 200, 200, 200, 200, 200, 200, 200, 200, 200, 200, 200, 200, 200, 200, 200, 200, 200, 200, 200, 200, 200, 200, 200, 200, 200, 200, 200, 200, 200, 200, 200, 200, 200, 200, 200, 200, 200, 200, 200, 200, 200, 200, 200, 200, 200, 200, 200, 200, 200, 200, 200, 200, 200, 200, 200, 200, 200, 200, 200, 200, 200, 200, 200, 200, 200, 200, 200, 200, 200, 200, 200, 200, 200, 200, 200, 200, 200, 200, 200, 200, 200, 200, 200, 200, 200, 200, 200, 200, 200, 200, 200, 200, 200, 200, 200, 200, 200, 200, 200, 200, 200, 200, 200, 200, 200, 200, 200, 200, 200, 200, 200, 200, 200, 200, 200, 200, 200, 200, 200, 200, 200, 200, 200, 200, 200, 200, 200, 200, 200, 200, 200, 200, 200, 200, 200, 200, 200, 200, 200, 200, 200, 200, 200, 200, 200, 200, 200, 200, 200, 200, 200, 200, 200, 200, 200, 200, 200, 200, 200, 200, 200, 200, 200, 200, 200, 200, 200, 200, 200, 200, 200, 200, 200, 200, 200, 200, 200, 200, 200, 200, 200, 200, 200, 200, 200, 200, 200, 200, 200, 200, 200, 200, 200, 200, 200, 200, 200, 200, 200, 200, 200, 200, 200, 200, 200, 200],