{"initial_reset_timestamp": 1706875121.4957652, "timestamps": [1706875124.0808697, 1706875126.7587128, 1706875129.3552136, 1706875131.9131358, 1706875134.5170085, 1706875139.6022594, 1706875144.8820336, 1706875149.9237947, 1706875154.906674, 1706875160.2834456, 1706875167.480194, 1706875172.6075327, 1706875177.8962789, 1706875182.7882974, 1706875188.0033975, 1706875192.7528493, 1706875198.0078692, 1706875203.1891248, 1706875208.1289089, 1706875213.2909105, 1706875220.492452, 1706875225.6496546, 1706875230.6311553, 1706875235.4984646, 1706875240.5674996, 1706875245.6027904, 1706875250.5981774, 1706875255.6994512, 1706875260.6217315, 1706875265.7101018, 1706875273.2179196, 1706875278.2923822, 1706875283.05996, 1706875288.1990159, 1706875293.5225015, 1706875298.4411862, 1706875303.5648105, 1706875308.687183, 1706875313.7360868, 1706875318.9538648, 1706875325.4132948, 1706875330.4956741, 1706875335.7159069, 1706875340.6927738, 1706875345.6550293, 1706875349.8784344, 1706875354.4181917, 1706875358.6923218, 1706875363.7075593, 1706875368.874168, 1706875375.5892138, 1706875380.5905793, 1706875385.6798067, 1706875390.6459181, 1706875395.7313366, 1706875400.7650394, 1706875405.6820114, 1706875410.4054806, 1706875415.7866437, 1706875421.1839728, 1706875428.7882943, 1706875433.849748, 1706875438.88615, 1706875443.8274522, 1706875448.3972557, 1706875452.8010736, 1706875457.9007957, 1706875462.225953, 1706875467.0072849, 1706875471.7308385, 1706875478.7529674, 1706875483.637311, 1706875488.0942762, 1706875492.2042477, 1706875496.5184379, 1706875500.9624605, 1706875505.1041298, 1706875510.2461557, 1706875514.724105, 1706875519.2186236, 1706875524.7796605, 1706875529.4703717, 1706875533.9836092, 1706875539.0964642, 1706875544.1352963, 1706875549.2016244, 1706875554.2191052, 1706875559.1695926, 1706875563.6652842, 1706875567.9572854, 1706875573.6116412, 1706875578.029574, 1706875582.4223332, 1706875587.1732578, 1706875591.997686, 1706875596.7630188, 1706875601.2276864, 1706875605.8451595, 1706875610.5377147, 1706875615.3065498, 1706875622.560538, 1706875627.0861683, 1706875631.6821213, 1706875636.7365193, 1706875641.8185074, 1706875646.3068173, 1706875651.2093172, 1706875655.6055818, 1706875660.0002136, 1706875664.7553182, 1706875670.9417617, 1706875675.7284744, 1706875680.6137104, 1706875685.553729, 1706875690.70391, 1706875696.0442166, 1706875701.1678975, 1706875706.4068954, 1706875711.539328, 1706875716.6031713, 1706875724.3470948, 1706875729.8595302, 1706875735.5974793, 1706875741.295799, 1706875746.4429748, 1706875751.3675003, 1706875756.344054, 1706875761.531957, 1706875767.0598998, 1706875772.256825, 1706875779.7939196, 1706875784.9345455, 1706875790.1488264, 1706875795.39603, 1706875800.4613047, 1706875805.7859235, 1706875811.110532, 1706875816.589758, 1706875821.3191152, 1706875826.4037137, 1706875833.7471871, 1706875838.7615488, 1706875844.123034, 1706875849.5808566, 1706875854.5368059, 1706875859.5112934, 1706875864.0235243, 1706875868.6886177, 1706875872.9811623, 1706875877.4411957], "episode_lengths": [200, 200, 200, 200, 200, 200, 200, 200, 200, 200, 200, 200, 200, 200, 200, 200, 200, 200, 200, 200, 200, 200, 200, 200, 200, 200, 200, 200, 200, 200, 200, 200, 200, 200, 200, 200, 200, 200, 200, 200, 200, 200, 200, 200, 200, 200, 200, 200, 200, 200, 200, 200, 200, 200, 200, 200, 200, 200, 200, 200, 200, 200, 200, 200, 200, 200, 200, 200, 200, 200, 200, 200, 200, 200, 200, 200, 200, 200, 200, 200, 200, 200, 200, 200, 200, 200, 200, 200, 200, 200, 200, 200, 200, 200, 200, 200, 200, 200, 200, 200, 200, 200, 200, 200, 200, 200, 200, 200, 200, 200, 200, 200, 200, 200, 200, 200, 200, 200, 200, 200, 200, 200, 200, 200, 200, 200, 200, 200, 200, 200, 200, 200, 200, 200, 200, 200, 200, 200, 200, 200, 200, 200, 200, 200, 200, 200, 200, 200, 200, 200], "episode_rewards": [-1499.9946287449534, -1513.711218967583, -1406.8757535997038, -1396.8446057305616, -1654.1677041432695, -1484.0333898591482, -1526.2465085678766, -1566.8450471261476, -1160.3098216919343, -1570.279631297813, -990.3929469004684, -998.4398652097524, -1247.9606943463166, -1515.215957063759, -1549.7325218166543, -1380.842824854411, -975.3418198073376, -1096.1948228706744, -862.1524132915079, -619.5746765018988, -983.2205314455991, -1636.1791283168086, -1050.3825457133642, -1201.2567658680339, -1357.1064130254442, -1119.5187038615504, -1504.8035021282717, -1040.77826275063, -1226.8001084364346, -962.5547354973546, -1303.5492192318634, -1255.485798138934, -1364.414783487213, -1245.8076280889397, -1250.7590248733716, -1178.5379416241756, -1366.796530563336, -1461.6004512333204, -1163.930553746175, -1438.6445426940072, -1358.318518327267, -1158.1278870218737, -1387.891775836148, -1203.22245471386, -1364.9700796206612, -1305.004801885316, -1103.0806283024874, -931.8058491312244, -1357.299847515435, -1139.741731263106, -1254.302594632689, -1356.9463801219363, -1070.3867439783742, -1272.1352089767158, -1330.0536686753244, -1151.0699092724974, -866.4827193376492, -1335.99623033878, -1028.6243533134161, -892.8538387475543, -924.6145625784161, -950.0755272792475, -851.5524022785733, -642.6911269155479, -777.2536291207905, -886.6894693322831, -749.279125444984, -1064.5249017166875, -747.880124298504, -765.5044536439893, -1085.758280652206, -1180.0651354948845, -1057.3958052379971, -1185.5473001779362, -1323.148630912574, -970.652971635516, -625.1045168485551, -568.5884676217657, -127.60670279294419, -384.6722296310482, -983.2891894493762, -633.5999379009777, -853.556380456577, -521.4297661215861, -647.6291795037638, -555.19045566886, -510.36808945397325, -953.5464561260434, -509.0139374897141, -486.0448269575009, -1342.0270498750674, -1320.7406544933194, -1176.9736796973532, -73.78753446151092, -634.4634278036488, -128.40413557004348, -384.02404834172097, -271.89477636886465, -1322.8151083054793, -370.7738024359382, -248.34354977688625, -477.46055275927176, -239.62529200664486, -257.5633366118545, -126.74346615378856, -123.26368540487026, -246.25924283053192, -244.56653274734322, -243.22008157126987, -236.98119089296236, -125.89564791901446, -250.6214004599403, -488.97418408407344, -238.41391049390253, -127.33026776929006, -239.01487983195906, -369.2745995626514, -717.5034106875584, -125.25377334637973, -126.17801696665812, -232.74433417911774, -246.93804135614556, -1.96470276428344, -246.1057152763236, -128.1662158727686, -124.22043081461392, -128.09241436883335, -498.541849741718, -120.32379069519915, -2.29205434567896, -1155.479712169313, -126.06636107811684, -253.45385790388053, -233.83868037560197, -122.50339637045393, -120.66490407100116, -118.68053520325323, -1577.5652243585705, -1545.9728217969869, -375.28467124506363, -118.04319386555606, -1.4667343781081619, -2.2355298802788304, -127.93084611085763, -125.2275150381183, -3.4206826545431985, -126.24290152040119, -123.05733206931541, -1254.965518256535, -240.34985512147304], "episode_types": ["t", "t", "t", "t", "t", "t", "t", "t", "t", "t", "t", "t", "t", "t", "t", "t", "t", "t", "t", "t", "t", "t", "t", "t", "t", "t", "t", "t", "t", "t", "t", "t", "t", "t", "t", "t", "t", "t", "t", "t", "t", "t", "t", "t", "t", "t", "t", "t", "t", "t", "t", "t", "t", "t", "t", "t", "t", "t", "t", "t", "t", "t", "t", "t", "t", "t", "t", "t", "t", "t", "t", "t", "t", "t", "t", "t", "t", "t", "t", "t", "t", "t", "t", "t", "t", "t", "t", "t", "t", "t", "t", "t", "t", "t", "t", "t", "t", "t", "t", "t", "t", "t", "t", "t", "t", "t", "t", "t", "t", "t", "t", "t", "t", "t", "t", "t", "t", "t", "t", "t", "t", "t", "t", "t", "t", "t", "t", "t", "t", "t", "t", "t", "t", "t", "t", "t", "t", "t", "t", "t", "t", "t", "t", "t", "t", "t", "t", "t", "t", "t"]}