{"initial_reset_timestamp": 1706853706.6007164, "timestamps": [1706853716.2174406, 1706853725.5992286, 1706853734.8179913, 1706853744.040776, 1706853753.450631, 1706853762.5729425, 1706853771.3298385, 1706853779.984276, 1706853788.8186274, 1706853797.6621525, 1706853806.3609467, 1706853815.230002, 1706853824.0408778, 1706853832.8071198, 1706853841.7198758, 1706853850.6420255, 1706853859.674166, 1706853868.7844458, 1706853877.9083292, 1706853886.8521218, 1706853895.7854133, 1706853904.6626852, 1706853913.7524505, 1706853922.6960773, 1706853931.6183512, 1706853940.4416554, 1706853949.5423708, 1706853958.653107, 1706853967.4852543, 1706853976.3967957, 1706853985.8430512, 1706853994.829976, 1706854003.6085708, 1706854012.497643, 1706854021.5089767, 1706854030.0543928, 1706854038.742933, 1706854047.2308905, 1706854055.7870655, 1706854065.2874455, 1706854074.2656715, 1706854083.2975647, 1706854092.564204, 1706854102.0328503, 1706854111.212551, 1706854121.6457727, 1706854131.165759, 1706854140.2885015, 1706854149.611256, 1706854159.0329967, 1706854168.144205, 1706854177.2997851, 1706854186.9600258, 1706854196.1563108, 1706854205.4127162, 1706854214.4329157, 1706854223.7037618, 1706854233.1455524, 1706854243.0222738, 1706854252.4694383, 1706854261.744522, 1706854270.8236096, 1706854280.1138875, 1706854289.8680105, 1706854299.589895, 1706854308.980219, 1706854318.3897552, 1706854328.1366222, 1706854337.4591837, 1706854347.4353316, 1706854356.5128255, 1706854365.5483856, 1706854374.8036425, 1706854384.0469997, 1706854393.280682, 1706854402.5146182, 1706854411.7365742, 1706854420.9463334, 1706854430.2918627, 1706854440.381919, 1706854450.0474036, 1706854459.6400945, 1706854469.1601095, 1706854478.4258144, 1706854487.9247983, 1706854497.0362365, 1706854506.0489528, 1706854515.0918987, 1706854524.1254213, 1706854533.1477933, 1706854542.203385, 1706854551.2040575, 1706854560.2258236, 1706854569.236755, 1706854578.5367036, 1706854588.2058792, 1706854597.336948, 1706854606.4157898, 1706854615.693401, 1706854625.1497245, 1706854634.9937115, 1706854644.5644155, 1706854653.74903, 1706854663.0063396, 1706854672.451447, 1706854681.8296237, 1706854690.9715378, 1706854700.326943, 1706854709.8167543, 1706854719.1412468, 1706854728.284413, 1706854737.6291764, 1706854746.7616334, 1706854755.8396592, 1706854765.1622002, 1706854774.5187526, 1706854783.750461, 1706854792.8735414, 1706854802.2405603, 1706854811.573736, 1706854821.0640259, 1706854830.3396947, 1706854839.8858507, 1706854849.4530728, 1706854859.0416548, 1706854868.2644675, 1706854877.5846002, 1706854886.730752, 1706854895.807666, 1706854905.0101116, 1706854914.7292173, 1706854924.0430222, 1706854933.4746006, 1706854943.0186014, 1706854952.3968987, 1706854961.7459154, 1706854971.041738, 1706854980.2414925, 1706854989.6094706, 1706854999.0531347, 1706855008.3419604, 1706855017.6303656, 1706855027.175425, 1706855036.409276, 1706855045.778339, 1706855054.974674, 1706855064.621113, 1706855073.9306326, 1706855083.219882, 1706855092.5217783, 1706855101.8774145, 1706855111.2437277, 1706855120.3428953, 1706855129.624088, 1706855138.7655876, 1706855147.9995883, 1706855157.3207843, 1706855166.587466, 1706855175.7683406, 1706855185.344718, 1706855194.4773345, 1706855203.832667, 1706855213.0097413, 1706855222.2557304, 1706855231.4655929, 1706855240.9004307, 1706855250.2920196, 1706855259.4887962, 1706855268.788434, 1706855277.9108825, 1706855287.1342492, 1706855296.188425, 1706855305.534567, 1706855314.8337765, 1706855323.9114432, 1706855333.0017042, 1706855342.2685838, 1706855351.5364897, 1706855360.7569296, 1706855370.0227327, 1706855379.4232132, 1706855388.9904685, 1706855398.512293, 1706855407.8592348, 1706855417.145235, 1706855426.4899387, 1706855435.923584, 1706855445.2356467, 1706855454.8584929, 1706855464.3925967, 1706855473.6466558, 1706855482.6462939, 1706855491.9249237, 1706855501.0142477, 1706855510.2798378, 1706855519.3358278, 1706855528.4278634, 1706855537.7371671, 1706855546.9046407, 1706855556.092808], "episode_lengths": [200, 200, 200, 200, 200, 200, 200, 200, 200, 200, 200, 200, 200, 200, 200, 200, 200, 200, 200, 200, 200, 200, 200, 200, 200, 200, 200, 200, 200, 200, 200, 200, 200, 200, 200, 200, 200, 200, 200, 200, 200, 200, 200, 200, 200, 200, 200, 200, 200, 200, 200, 200, 200, 200, 200, 200, 200, 200, 200, 200, 200, 200, 200, 200, 200, 200, 200, 200, 200, 200, 200, 200, 200, 200, 200, 200, 200, 200, 200, 200, 200, 200, 200, 200, 200, 200, 200, 200, 200, 200, 200, 200, 200, 200, 200, 200, 200, 200, 200, 200, 200, 200, 200, 200, 200, 200, 200, 200, 200, 200, 200, 200, 200, 200, 200, 200, 200, 200, 200, 200, 200, 200, 200, 200, 200, 200, 200, 200, 200, 200, 200, 200, 200, 200, 200, 200, 200, 200, 200, 200, 200, 200, 200, 200, 200, 200, 200, 200, 200, 200, 200, 200, 200, 200, 200, 200, 200, 200, 200, 200, 200, 200, 200, 200, 200, 200, 200, 200, 200, 200, 200, 200, 200, 200, 200, 200, 200, 200, 200, 200, 200, 200, 200, 200, 200, 200, 200, 200, 200, 200, 200, 200, 200, 200, 200, 200, 200, 200, 200, 200],