{"initial_reset_timestamp": 1706858131.217324, "timestamps": [1706858150.1180677, 1706858168.580417, 1706858187.2625542, 1706858206.1487846, 1706858225.0362818, 1706858245.2624826, 1706858263.9447477, 1706858282.0374277, 1706858300.34247, 1706858318.6096287, 1706858336.7749949, 1706858355.0246034, 1706858373.553958, 1706858392.79204, 1706858412.9224334, 1706858431.6922143, 1706858449.889515, 1706858468.2885299, 1706858486.7099226, 1706858505.165031, 1706858523.3139958, 1706858541.5436594, 1706858559.845327, 1706858578.1777308, 1706858596.5445821, 1706858614.7330363, 1706858633.1503859, 1706858651.3818333, 1706858670.295093, 1706858688.6338003, 1706858707.6686149, 1706858725.8246117, 1706858744.255467, 1706858763.5923922, 1706858781.7953262, 1706858799.858421, 1706858818.0705664, 1706858836.6704419, 1706858854.8023918, 1706858875.6863744, 1706858896.564536, 1706858918.147095, 1706858939.3375347, 1706858958.7869422, 1706858977.1414068, 1706858995.617112, 1706859014.3628287, 1706859032.7845988, 1706859050.9995878, 1706859069.4624383, 1706859087.8989737, 1706859106.0632472, 1706859124.2282562, 1706859142.3963585, 1706859160.9383802, 1706859179.0455146, 1706859198.2975888, 1706859217.650608, 1706859236.7180932, 1706859256.1570377, 1706859274.3064938, 1706859292.560956, 1706859310.8040795, 1706859328.8844948, 1706859346.888471, 1706859364.9483597, 1706859382.9838858, 1706859400.8939092, 1706859419.012513, 1706859437.1388912, 1706859455.131801, 1706859473.0726452, 1706859491.391127, 1706859509.4280112, 1706859527.351426, 1706859545.5680962, 1706859563.6081352, 1706859581.5229642, 1706859599.5698125, 1706859617.7202978, 1706859635.6295636, 1706859654.2331893, 1706859672.2737274, 1706859690.3426392, 1706859708.2455585, 1706859726.1305869, 1706859747.039284, 1706859767.606507, 1706859786.190949, 1706859804.8677478, 1706859825.7193863, 1706859844.8498049, 1706859862.7888288, 1706859881.0571063, 1706859898.7799861, 1706859916.7137225, 1706859934.4809053, 1706859952.5261607, 1706859970.3744457, 1706859989.1700976], "episode_lengths": [200, 200, 200, 200, 200, 200, 200, 200, 200, 200, 200, 200, 200, 200, 200, 200, 200, 200, 200, 200, 200, 200, 200, 200, 200, 200, 200, 200, 200, 200, 200, 200, 200, 200, 200, 200, 200, 200, 200, 200, 200, 200, 200, 200, 200, 200, 200, 200, 200, 200, 200, 200, 200, 200, 200, 200, 200, 200, 200, 200, 200, 200, 200, 200, 200, 200, 200, 200, 200, 200, 200, 200, 200, 200, 200, 200, 200, 200, 200, 200, 200, 200, 200, 200, 200, 200, 200, 200, 200, 200, 200, 200, 200, 200, 200, 200, 200, 200, 200, 200], "episode_rewards": [-1487.0086230999934, -1208.6340693679142, -1209.9087102692615, -1555.4833390166152, -1254.5128115730802, -1165.6886145415924, -1288.334645302814, -1310.4845873590484, -1172.2965566436062, -842.2986931079655, -1401.7242449816288, -1169.7570523657473, -1581.484353888333, -1286.8138813042262, -1605.7285526072649, -1302.7567029447482, -1376.3306624430827, -1026.7700082950398, -1181.8499610084252, -1432.5107412591592, -1723.9523009591537, -1790.9681665632215, -1708.2471044335337, -1185.9910798723183, -1167.41173975784, -1363.8117419859084, -1598.154999420966, -1061.7033761416099, -1708.6342160898203, -1622.7717279131334, -1174.8028876425028, -1278.6792537760407, -1584.7216789032004, -1405.3292985783505, -1201.399455081418, -1051.076429828808, -1713.1039376114302, -1021.3405348313858, -1502.150370226291, -1060.4342209599627, -1060.995215735388, -1757.0209320559595, -1280.7822516766532, -1107.974236279749, -1144.849283208744, -1278.7963745945135, -1760.9017682083504, -911.760407950253, -1810.4699547839639, -1543.8927270955362, -1635.5951008817128, -1413.713922707232, -1294.295923138455, -1063.8801228870825, -1803.3950090569354, -1140.8427148971837, -1063.968182853053, -1550.201307645727, -1251.272184517758, -1214.8553196809319, -1237.0026889757314, -1548.8791785811327, -1202.4331379662162, -1211.7887228025386, -1369.0995258628925, -957.1873929004353, -1752.9064773038817, -1206.3614389525753, -1171.0616488855123, -1587.9672308763365, -1110.7828769983153, -1574.6687394172604, -1181.7638437890128, -1040.2713286437674, -1549.2333257692558, -1336.0843236891412, -1187.2459466528687, -1154.9134901310688, -1304.2166062709177, -1236.977192195662, -811.3544691967485, -1768.8240845954501, -1265.8281671357843, -1190.5724352365771, -1291.657740852867, -708.4019724324708, -1237.9612581211798, -1271.4702328814317, -1379.9799278491826, -1217.1426420690548, -1346.9786323390138, -1719.5156287976356, -1526.9804611151649, -1806.989867942811, -1555.86021521902, -789.6670333114499, -1506.9051496556465, -1687.108831020651, -1692.7037294560114, -954.5445777756889], "episode_types": ["t", "t", "t", "t", "t", "t", "t", "t", "t", "t", "t", "t", "t", "t", "t", "t", "t", "t", "t", "t", "t", "t", "t", "t", "t", "t", "t", "t", "t", "t", "t", "t", "t", "t", "t", "t", "t", "t", "t", "t", "t", "t", "t", "t", "t", "t", "t", "t", "t", "t", "t", "t", "t", "t", "t", "t", "t", "t", "t", "t", "t", "t", "t", "t", "t", "t", "t", "t", "t", "t", "t", "t", "t", "t", "t", "t", "t", "t", "t", "t", "t", "t", "t", "t", "t", "t", "t", "t", "t", "t", "t", "t", "t", "t", "t", "t", "t", "t", "t", "t"]}