{"initial_reset_timestamp": 1706837718.941262, "timestamps": [1706837742.5596316, 1706837778.5574033, 1706837812.7938938, 1706837848.4198563, 1706837886.9841802, 1706837924.6837676, 1706837961.1822248, 1706837997.3710835, 1706838034.4947305, 1706838070.639379, 1706838107.1378043, 1706838144.7376606, 1706838179.7538474, 1706838216.7557826, 1706838254.0343986, 1706838290.6907556, 1706838327.4727983, 1706838364.718556, 1706838401.7572408, 1706838439.2226784, 1706838477.7703655, 1706838514.9716659, 1706838551.4664776, 1706838587.4201925, 1706838626.6142023, 1706838663.1558285, 1706838699.0196798, 1706838735.2538364, 1706838771.3446856, 1706838809.1665862, 1706838845.4242864, 1706838880.6749184, 1706838916.3346288, 1706838952.3200617, 1706838988.7091098, 1706839024.9165766, 1706839062.4492497, 1706839100.9380157, 1706839138.1996124, 1706839175.1696165, 1706839213.9243405, 1706839251.390635, 1706839287.8087704, 1706839324.4106698, 1706839359.9982638, 1706839398.253367, 1706839436.8799856, 1706839474.42235, 1706839512.3591928, 1706839550.484228, 1706839586.9490635, 1706839622.4637973, 1706839661.285289, 1706839699.0954127, 1706839735.6506314, 1706839772.2370362, 1706839806.5759652, 1706839842.6669405, 1706839880.2029638, 1706839917.2444735, 1706839953.731609, 1706839990.084166, 1706840025.9672081, 1706840062.545749, 1706840097.97207, 1706840133.763764, 1706840169.6430209, 1706840205.2674193, 1706840241.6246946, 1706840278.149952, 1706840313.7018716, 1706840348.8854673, 1706840385.3235483, 1706840421.4885185, 1706840456.4027114, 1706840492.1586542, 1706840529.1317527, 1706840566.2069156, 1706840603.35344, 1706840637.8140078, 1706840672.6557138, 1706840707.9685183, 1706840742.0506532, 1706840778.0720396, 1706840811.4498434, 1706840845.596952, 1706840880.076402, 1706840915.7096567, 1706840950.3152947, 1706840985.6280284, 1706841022.8698277, 1706841057.8503506, 1706841093.4241025, 1706841130.3070908, 1706841165.5260818, 1706841201.7733524, 1706841237.8721628, 1706841273.818868, 1706841310.2316628, 1706841345.6825106], "episode_lengths": [200, 200, 200, 200, 200, 200, 200, 200, 200, 200, 200, 200, 200, 200, 200, 200, 200, 200, 200, 200, 200, 200, 200, 200, 200, 200, 200, 200, 200, 200, 200, 200, 200, 200, 200, 200, 200, 200, 200, 200, 200, 200, 200, 200, 200, 200, 200, 200, 200, 200, 200, 200, 200, 200, 200, 200, 200, 200, 200, 200, 200, 200, 200, 200, 200, 200, 200, 200, 200, 200, 200, 200, 200, 200, 200, 200, 200, 200, 200, 200, 200, 200, 200, 200, 200, 200, 200, 200, 200, 200, 200, 200, 200, 200, 200, 200, 200, 200, 200, 200], "episode_rewards": [-1005.7078968353229, -1189.7824141541553, -1134.3608099445698, -967.5101187969435, -1527.1894055813427, -1585.197687109332, -1607.7253116341722, -1059.09087534616, -1309.6062586500086, -1215.3580447640832, -1369.4773730496386, -1526.979958102227, -1528.3822464471382, -1285.6826773847345, -1267.5048030110322, -1244.8036950481953, -1337.334328679857, -1205.2438194448844, -1283.319886604397, -1062.6141396467594, -1287.2986211733764, -1353.5665521739766, -1291.310814067739, -1353.1327393996814, -1345.066818412869, -1194.5531664857708, -1375.4301571468563, -1313.433168589846, -1205.2606388855565, -1235.2790180583652, -1315.0027576421846, -1190.441504295506, -1522.0359074024002, -981.9730285607284, -1049.861011309973, -1130.8308056160083, -1102.3871042225376, -926.2784881825265, -1235.6666139492202, -1469.011832526778, -1203.504794825815, -1220.1642960545869, -1137.515340861007, -1387.1777380719293, -1168.5055312427526, -1109.704608736743, -1066.2893691406023, -1057.907831969956, -1329.9266198338944, -1031.2407918410574, -1014.2936374740431, -1290.8743148702147, -1373.5620297807598, -1199.7928354665714, -974.1784566949168, -1091.7388424658118, -1165.0207533098041, -1100.1820470203209, -1138.1162617557843, -1153.604761883044, -1540.5377267050173, -1193.8989742058984, -1396.5899380195954, -995.92782077323, -1039.3785592605127, -964.6398063395487, -854.0825498564127, -823.6589806695966, -1431.6362166656193, -1081.3451710107017, -1371.858299492808, -1016.8636199532967, -1020.0212267055047, -1112.7349579112113, -1167.4972452417155, -1011.7414618334288, -1364.8709115905924, -1168.3575346821997, -1018.049642713766, -1168.1956564449465, -1152.6865919650538, -1099.2129534781718, -1376.036491130629, -1277.0968217567793, -1005.8888777973551, -1019.5787912816348, -1051.7546413487894, -914.5056097413064, -1227.2350598960666, -1320.2262979786924, -1122.7846575824353, -879.5513906864953, -951.2414696465191, -1386.168682153577, -863.3432633981258, -733.2619630070768, -1218.0754507427423, -859.8897002128919, -1049.6163515436156, -1317.139972615182], "episode_types": ["t", "t", "t", "t", "t", "t", "t", "t", "t", "t", "t", "t", "t", "t", "t", "t", "t", "t", "t", "t", "t", "t", "t", "t", "t", "t", "t", "t", "t", "t", "t", "t", "t", "t", "t", "t", "t", "t", "t", "t", "t", "t", "t", "t", "t", "t", "t", "t", "t", "t", "t", "t", "t", "t", "t", "t", "t", "t", "t", "t", "t", "t", "t", "t", "t", "t", "t", "t", "t", "t", "t", "t", "t", "t", "t", "t", "t", "t", "t", "t", "t", "t", "t", "t", "t", "t", "t", "t", "t", "t", "t", "t", "t", "t", "t", "t", "t", "t", "t", "t"]}