{"initial_reset_timestamp": 1706806744.531797, "timestamps": [1706806755.0034251, 1706806765.2902663, 1706806776.9160142, 1706806786.5114777, 1706806795.8217711, 1706806805.822846, 1706806815.167792, 1706806824.5013723, 1706806834.1000352, 1706806843.6946921, 1706806853.6892734, 1706806863.168276, 1706806872.8231602, 1706806882.155153, 1706806891.5109742, 1706806901.5120213, 1706806910.9137716, 1706806920.2002552, 1706806929.486111, 1706806938.811596, 1706806947.9009795, 1706806956.9787123, 1706806966.4675677, 1706806975.5566108, 1706806984.7794802, 1706806993.9017866, 1706807002.9676642, 1706807011.9903758, 1706807021.8353713, 1706807031.6598074, 1706807040.9349456, 1706807050.0126684, 1706807059.32566, 1706807068.5134547, 1706807077.6358528, 1706807086.7244737, 1706807096.1266491, 1706807105.325534, 1706807115.3142989, 1706807125.050898, 1706807137.20334, 1706807147.2369587, 1706807157.237481, 1706807167.3274288, 1706807178.5502057, 1706807189.7385259, 1706807200.2168245, 1706807209.5498028, 1706807219.2845852, 1706807228.8722274, 1706807238.819533, 1706807248.6725712, 1706807258.4181142, 1706807268.0180147, 1706807277.939669, 1706807289.8838084, 1706807300.3518393, 1706807309.8611224, 1706807319.127147, 1706807328.985057, 1706807338.7280724, 1706807348.3057294, 1706807358.5399575, 1706807369.3287184, 1706807378.6955488, 1706807388.3405635, 1706807398.0958679, 1706807407.6847363, 1706807417.1733375, 1706807426.4526753, 1706807435.9731302, 1706807446.4547288, 1706807456.695921, 1706807466.1628788, 1706807475.5854673, 1706807485.0757284, 1706807495.4187043, 1706807506.9079268, 1706807518.510387, 1706807529.0638278, 1706807539.207933, 1706807549.0969105, 1706807559.075062, 1706807569.0972757, 1706807579.1189775, 1706807589.520822, 1706807599.041749, 1706807608.3970308, 1706807617.930821, 1706807628.9775453, 1706807638.720791, 1706807648.2866547, 1706807658.0105925, 1706807667.5428574, 1706807676.8536212, 1706807686.242624, 1706807696.3097808, 1706807705.7107167, 1706807715.2654698, 1706807724.8096757, 1706807734.111619, 1706807744.4645898, 1706807754.2545586, 1706807764.855423, 1706807774.577927, 1706807786.0686295, 1706807799.2894566, 1706807809.688871, 1706807819.7774518, 1706807829.2783546, 1706807839.1655812, 1706807848.7251766, 1706807858.366165, 1706807867.9788492, 1706807877.278141, 1706807887.189017, 1706807896.6451323, 1706807907.5244184, 1706807917.5241473, 1706807927.3666441, 1706807937.067546, 1706807948.155921, 1706807957.990249, 1706807967.7799845, 1706807977.2796106, 1706807987.2340405, 1706807996.8127627, 1706808006.1580443, 1706808015.9896283, 1706808025.1269553, 1706808036.4245956, 1706808046.4255626, 1706808056.9352067, 1706808066.7022083, 1706808076.0688071, 1706808085.4357967, 1706808096.0058463, 1706808105.4169846, 1706808114.9373071, 1706808124.4151137, 1706808133.7051733, 1706808143.0035906, 1706808152.5934987, 1706808161.9371505, 1706808171.6365356, 1706808181.5810378, 1706808191.1919785, 1706808200.8702614, 1706808210.404576, 1706808220.1037326, 1706808229.5260727, 1706808238.904242, 1706808248.9049163, 1706808258.3171842, 1706808267.8603985, 1706808277.471676, 1706808287.0832047, 1706808296.838338, 1706808306.5497036, 1706808316.3714297, 1706808325.9274678, 1706808335.6388848, 1706808345.584505, 1706808355.2272115, 1706808365.150448, 1706808374.6954815, 1706808384.551077, 1706808393.771549, 1706808403.3945258, 1706808412.8725002, 1706808423.5064838, 1706808433.0611196, 1706808442.6284287, 1706808452.3402476, 1706808462.1514537, 1706808471.4176397, 1706808480.5286634, 1706808490.1724484, 1706808500.4618216, 1706808510.1516554, 1706808519.9550724, 1706808530.3973382, 1706808541.2965765, 1706808550.8513913, 1706808560.5182424, 1706808570.062651, 1706808580.789639, 1706808591.428837, 1706808601.6105404, 1706808612.1211233, 1706808621.8417654, 1706808632.9037228, 1706808644.5989556, 1706808654.6192656, 1706808664.1646383, 1706808673.9972084, 1706808684.1544886, 1706808693.8863018, 1706808703.1758246, 1706808713.0101197], "episode_lengths": [200, 200, 200, 200, 200, 200, 200, 200, 200, 200, 200, 200, 200, 200, 200, 200, 200, 200, 200, 200, 200, 200, 200, 200, 200, 200, 200, 200, 200, 200, 200, 200, 200, 200, 200, 200, 200, 200, 200, 200, 200, 200, 200, 200, 200, 200, 200, 200, 200, 200, 200, 200, 200, 200, 200, 200, 200, 200, 200, 200, 200, 200, 200, 200, 200, 200, 200, 200, 200, 200, 200, 200, 200, 200, 200, 200, 200, 200, 200, 200, 200, 200, 200, 200, 200, 200, 200, 200, 200, 200, 200, 200, 200, 200, 200, 200, 200, 200, 200, 200, 200, 200, 200, 200, 200, 200, 200, 200, 200, 200, 200, 200, 200, 200, 200, 200, 200, 200, 200, 200, 200, 200, 200, 200, 200, 200, 200, 200, 200, 200, 200, 200, 200, 200, 200, 200, 200, 200, 200, 200, 200, 200, 200, 200, 200, 200, 200, 200, 200, 200, 200, 200, 200, 200, 200, 200, 200, 200, 200, 200, 200, 200, 200, 200, 200, 200, 200, 200, 200, 200, 200, 200, 200, 200, 200, 200, 200, 200, 200, 200, 200, 200, 200, 200, 200, 200, 200, 200, 200, 200, 200, 200, 200, 200, 200, 200, 200, 200, 200, 200],