{"initial_reset_timestamp": 1706881184.273437, "timestamps": [1706881187.24076, 1706881189.9246728, 1706881192.5696054, 1706881195.173133, 1706881197.6763241, 1706881203.0490568, 1706881208.0071466, 1706881213.09435, 1706881218.0620778, 1706881222.8135302, 1706881229.2553248, 1706881234.1552448, 1706881238.6341531, 1706881243.48968, 1706881247.9384527, 1706881252.6642184, 1706881257.250774, 1706881261.6864467, 1706881266.5864537, 1706881270.687192, 1706881276.4249275, 1706881281.4144065, 1706881285.6766453, 1706881289.6522048, 1706881294.566032, 1706881298.6449316, 1706881303.0386193, 1706881307.3272302, 1706881311.6368427, 1706881315.7768197, 1706881322.1958086, 1706881326.5530138, 1706881331.0588014, 1706881336.1131554, 1706881341.2743227, 1706881346.1266975, 1706881350.9785447, 1706881355.554926, 1706881359.943073, 1706881365.2863727, 1706881372.4346275, 1706881376.550063, 1706881380.6886353, 1706881385.2195163, 1706881390.371001, 1706881395.215504, 1706881399.60218, 1706881404.4969878, 1706881409.310571, 1706881413.7443013, 1706881419.7426412, 1706881424.6151886, 1706881429.5745263, 1706881434.3306816, 1706881439.7176955, 1706881445.0508862, 1706881450.4175494, 1706881455.674437, 1706881461.0508897, 1706881466.7838805, 1706881474.3004632, 1706881479.4049113, 1706881484.8430398, 1706881489.8686674, 1706881494.3897996, 1706881498.857109, 1706881503.471996, 1706881507.710228, 1706881512.1447074, 1706881516.69522, 1706881523.184799, 1706881528.1473234, 1706881533.0283904, 1706881537.2387445, 1706881541.3949735, 1706881545.7421467, 1706881550.5543752, 1706881555.8021147, 1706881561.0337014, 1706881566.207042, 1706881573.8764186, 1706881579.0524416, 1706881584.2906852, 1706881589.593284, 1706881594.7741768, 1706881599.8699496, 1706881604.4987159, 1706881608.8675184, 1706881613.349683, 1706881617.5373437, 1706881623.6095607, 1706881629.0169501, 1706881633.8309078, 1706881638.5755684, 1706881643.137592, 1706881648.157508, 1706881652.8065732, 1706881657.7736316, 1706881662.3744245, 1706881667.1439855, 1706881673.3559933, 1706881677.937519, 1706881682.8198948, 1706881687.8940618, 1706881693.0216978, 1706881697.4865665, 1706881702.2634916, 1706881707.0137484, 1706881711.837709, 1706881716.6119466, 1706881724.1754892, 1706881729.49657, 1706881735.3344734, 1706881739.9348037, 1706881745.0908809, 1706881750.1995113, 1706881755.2655451, 1706881760.2999516, 1706881765.2718985, 1706881769.5501466, 1706881776.4467645, 1706881781.0611944, 1706881785.9541478, 1706881790.258832, 1706881794.5377243, 1706881798.7000778, 1706881803.5476854, 1706881808.8702784, 1706881814.3344617, 1706881819.5768263, 1706881827.1371686, 1706881832.3264117, 1706881837.4655137, 1706881842.768995, 1706881847.9752, 1706881853.1255217, 1706881858.3893728, 1706881863.4573374, 1706881868.8033228, 1706881872.9288385, 1706881880.0008802, 1706881884.6552517, 1706881889.2372997, 1706881894.3071244, 1706881899.3816001, 1706881904.4969254, 1706881909.6318748, 1706881914.8942406, 1706881920.0432873, 1706881925.292108], "episode_lengths": [200, 200, 200, 200, 200, 200, 200, 200, 200, 200, 200, 200, 200, 200, 200, 200, 200, 200, 200, 200, 200, 200, 200, 200, 200, 200, 200, 200, 200, 200, 200, 200, 200, 200, 200, 200, 200, 200, 200, 200, 200, 200, 200, 200, 200, 200, 200, 200, 200, 200, 200, 200, 200, 200, 200, 200, 200, 200, 200, 200, 200, 200, 200, 200, 200, 200, 200, 200, 200, 200, 200, 200, 200, 200, 200, 200, 200, 200, 200, 200, 200, 200, 200, 200, 200, 200, 200, 200, 200, 200, 200, 200, 200, 200, 200, 200, 200, 200, 200, 200, 200, 200, 200, 200, 200, 200, 200, 200, 200, 200, 200, 200, 200, 200, 200, 200, 200, 200, 200, 200, 200, 200, 200, 200, 200, 200, 200, 200, 200, 200, 200, 200, 200, 200, 200, 200, 200, 200, 200, 200, 200, 200, 200, 200, 200, 200, 200, 200, 200, 200], "episode_rewards": [-885.9068403868889, -1553.5562660450023, -1779.4854993862857, -1595.1731508536088, -1491.7595260746975, -1676.3525034718186, -1719.5736250777668, -1153.1174838611223, -1548.2859611614579, -1401.6900657791816, -1474.0534266841976, -1577.840409522893, -1397.1813774895174, -1544.0634594453213, -1217.3019251720539, -1349.160957060942, -1497.2013912413995, -1233.3503544642613, -1196.9058311489944, -1472.6499180767858, -1311.363865871866, -1256.201766912495, -1187.2177729303153, -972.398464343638, -3.3566500110922, -1505.462428055363, -998.2153924836189, -844.8667187518529, -1339.522719658929, -1262.161347884672, -1320.1791685696717, -1374.5341076319658, -1480.5323105835, -1326.1942860169631, -1411.9919743905857, -1466.2016506601447, -1326.104263647023, -1241.3036272291108, -1071.7673053263184, -1378.2841626765246, -1364.799700628475, -1070.6009031917627, -773.1908835641025, -845.5429688143923, -1338.2874822761992, -913.8290305534907, -781.915286610426, -1446.0873771473123, -1428.6119965634762, -1182.5292679783156, -1035.104539630594, -1409.2120982235076, -805.3077436636721, -1003.2989290421049, -1154.8091582604848, -1000.2867440386108, -675.3347438305451, -773.6564963671754, -1509.4286784265182, -908.0967877024992, -1218.0001908786087, -896.102723120486, -647.9334862766357, -658.1266315793324, -1458.1874899612776, -784.027467581392, -653.3233567472238, -1003.8244448364919, -1405.8649317528693, -1447.7904836036435, -1346.952544995676, -119.82513479499787, -1.9317069957914577, -1569.3980017705821, -1571.4403282029787, -248.08673020277857, -1332.2168167236146, -247.04876716236535, -2.3087873652859687, -243.5977724939269, -127.29075200511939, -126.20860521487678, -1310.2204895028597, -238.6858301891636, -131.88157853787214, -239.33328615634704, -1566.3539125031004, -3.6162849444665257, -233.31386964194385, -857.2105922389611, -257.7396366388757, -891.9503774239059, -1152.2298158775977, -125.32383537601498, -253.55058283161003, -128.17908701765188, -1036.3073891767065, -3.8281274478773195, -125.53154505913139, -479.25912304805547, -482.44761484505716, -249.3677924323155, -236.90345500190912, -3.9462947303322924, -250.22378048336347, -126.58994386575655, -122.18878004597745, -119.826983859521, -233.15248069222784, -463.6344956645149, -125.61590813369693, -1194.9458282455096, -245.84591845282438, -119.07956383530731, -122.06768902381368, -614.7465445685318, -252.98913580124568, -243.59129481009134, -239.06798345969042, -731.2021707268422, -120.9651677998953, -125.15340047929102, -121.37589327187997, -121.52676722935983, -353.89810942662274, -120.23584685844487, -465.493309620456, -2.1512095881937987, -380.85063853116566, -235.68619189353785, -906.6189262068856, -237.76867991961853, -3.9212220521896923, -121.76433590593194, -1.2958710849610557, -128.4297824805182, -124.47806097305883, -389.9001705274718, -238.61233149794444, -470.49414493896114, -365.71275465835566, -431.5091712563821, -123.0704336616774, -128.5101089760048, -125.97251311876151, -120.39357463531681, -388.80912471803515, -382.02027975744073, -360.08502364104856, -946.4400739237673], "episode_types": ["t", "t", "t", "t", "t", "t", "t", "t", "t", "t", "t", "t", "t", "t", "t", "t", "t", "t", "t", "t", "t", "t", "t", "t", "t", "t", "t", "t", "t", "t", "t", "t", "t", "t", "t", "t", "t", "t", "t", "t", "t", "t", "t", "t", "t", "t", "t", "t", "t", "t", "t", "t", "t", "t", "t", "t", "t", "t", "t", "t", "t", "t", "t", "t", "t", "t", "t", "t", "t", "t", "t", "t", "t", "t", "t", "t", "t", "t", "t", "t", "t", "t", "t", "t", "t", "t", "t", "t", "t", "t", "t", "t", "t", "t", "t", "t", "t", "t", "t", "t", "t", "t", "t", "t", "t", "t", "t", "t", "t", "t", "t", "t", "t", "t", "t", "t", "t", "t", "t", "t", "t", "t", "t", "t", "t", "t", "t", "t", "t", "t", "t", "t", "t", "t", "t", "t", "t", "t", "t", "t", "t", "t", "t", "t", "t", "t", "t", "t", "t", "t"]}