{"initial_reset_timestamp": 1706878837.5890665, "timestamps": [1706878840.4037654, 1706878842.9905097, 1706878845.5657194, 1706878848.1114337, 1706878850.7018292, 1706878856.4459155, 1706878861.3458042, 1706878866.5193875, 1706878871.3625479, 1706878876.1092088, 1706878882.0836205, 1706878886.9937046, 1706878892.0096614, 1706878897.0265908, 1706878902.0095255, 1706878907.0883656, 1706878912.103839, 1706878917.1091843, 1706878922.09147, 1706878927.0845768, 1706878934.5429494, 1706878939.5550594, 1706878944.523559, 1706878949.4931195, 1706878954.4386477, 1706878959.351675, 1706878963.8899705, 1706878968.4813914, 1706878972.9878035, 1706878977.152219, 1706878982.751805, 1706878987.2051847, 1706878991.2461166, 1706878995.608758, 1706879000.3318968, 1706879004.9057465, 1706879009.4288037, 1706879014.0337694, 1706879018.633156, 1706879023.1078107, 1706879028.7913933, 1706879033.3319838, 1706879037.7477493, 1706879042.1379325, 1706879046.4085581, 1706879051.196379, 1706879055.3887, 1706879059.9164004, 1706879064.787951, 1706879069.6040807, 1706879076.0297306, 1706879081.0336628, 1706879086.0397298, 1706879091.0654078, 1706879095.2845073, 1706879099.813306, 1706879104.1626637, 1706879108.7938159, 1706879113.3531826, 1706879118.5738058, 1706879124.5549989, 1706879129.5311217, 1706879134.6091459, 1706879139.2878885, 1706879143.6161797, 1706879148.2720232, 1706879153.1963637, 1706879157.357888, 1706879161.8534818, 1706879166.0078883, 1706879171.960804, 1706879176.891283, 1706879181.875676, 1706879186.9599943, 1706879192.169204, 1706879197.2727501, 1706879202.0833323, 1706879206.696064, 1706879211.1261044, 1706879215.676628, 1706879222.1578221, 1706879227.151806, 1706879232.1324806, 1706879237.1056287, 1706879242.263201, 1706879247.150833, 1706879252.2104907, 1706879257.2788317, 1706879262.214293, 1706879267.3778307, 1706879274.0335588, 1706879278.9981518, 1706879284.0418067, 1706879289.164889, 1706879294.315163, 1706879299.3532999, 1706879304.4053428, 1706879309.5546815, 1706879314.2734072, 1706879319.18343, 1706879326.4865437, 1706879331.8012745, 1706879336.4517124, 1706879341.400903, 1706879346.5200891, 1706879350.846449, 1706879354.8397582, 1706879359.306293, 1706879363.554943, 1706879367.7243307, 1706879373.4598753, 1706879378.1048222, 1706879382.850409, 1706879387.4381113, 1706879391.7502565, 1706879396.8763745, 1706879401.7843559, 1706879406.3003693, 1706879410.6293638, 1706879415.032641, 1706879422.0496905, 1706879427.4280634, 1706879432.102735, 1706879436.7136106, 1706879440.9211304, 1706879445.1194556, 1706879450.1545298, 1706879455.2478921, 1706879459.7659922, 1706879464.7133512, 1706879471.900892, 1706879476.5968049, 1706879481.3135746, 1706879485.8888948, 1706879490.4449747, 1706879494.872801, 1706879499.9779508, 1706879504.8837774, 1706879509.4529042, 1706879514.5894904, 1706879520.9632275, 1706879525.9453862, 1706879531.073201, 1706879535.8885398, 1706879540.8481548, 1706879545.4999027, 1706879550.0159874, 1706879554.5060275, 1706879559.0256996, 1706879563.9484265], "episode_lengths": [200, 200, 200, 200, 200, 200, 200, 200, 200, 200, 200, 200, 200, 200, 200, 200, 200, 200, 200, 200, 200, 200, 200, 200, 200, 200, 200, 200, 200, 200, 200, 200, 200, 200, 200, 200, 200, 200, 200, 200, 200, 200, 200, 200, 200, 200, 200, 200, 200, 200, 200, 200, 200, 200, 200, 200, 200, 200, 200, 200, 200, 200, 200, 200, 200, 200, 200, 200, 200, 200, 200, 200, 200, 200, 200, 200, 200, 200, 200, 200, 200, 200, 200, 200, 200, 200, 200, 200, 200, 200, 200, 200, 200, 200, 200, 200, 200, 200, 200, 200, 200, 200, 200, 200, 200, 200, 200, 200, 200, 200, 200, 200, 200, 200, 200, 200, 200, 200, 200, 200, 200, 200, 200, 200, 200, 200, 200, 200, 200, 200, 200, 200, 200, 200, 200, 200, 200, 200, 200, 200, 200, 200, 200, 200, 200, 200, 200, 200, 200, 200], "episode_rewards": [-1828.8155057745846, -1868.2046217736226, -1833.045596242237, -794.6877136398717, -1839.2129652079443, -1443.6570759192205, -1420.5553344375849, -1049.5601842894077, -1416.3214966029093, -1344.626060266808, -1073.1332614603868, -1466.2568169375031, -1115.7326984944118, -1523.7985035044348, -1250.9182426649804, -1264.944209115843, -1657.6544658744301, -1010.4645772531268, -1215.6480563648458, -1141.4030762831837, -1140.5799173597031, -1520.5442527790462, -1304.8779775754158, -1297.7006517548239, -1214.6891187344695, -1177.951538211324, -1053.0490215167936, -1223.3827027914435, -1223.4368770002404, -1323.999209522999, -1370.0572754289842, -1400.911972601469, -1352.968125794836, -1441.5055766348532, -1265.9121301036778, -1484.093666641759, -1377.5322303844664, -1313.9322024703765, -1381.827343314549, -1430.4750986111912, -1424.2045664513453, -1382.2483208236388, -1239.402901435722, -1488.3348863468407, -1201.967967379657, -1497.289775843686, -1151.1652621014412, -1480.9721036914702, -1355.2854063167547, -1371.325268369374, -1305.3056641564997, -1241.295964971234, -1414.9413780410912, -1392.9770549984537, -1384.150284064361, -1304.919481432214, -1372.976457333194, -1193.6574894413068, -1276.027942751513, -1208.4508934610449, -1314.6666699165487, -1336.1934938535746, -1308.94085500541, -1098.7099160182013, -1218.0606735738834, -1258.592022382038, -1215.6810762117664, -1185.1129925117625, -1171.9138543786923, -1051.14627489501, -1047.6494062046306, -1172.6375454371841, -960.6008718706954, -884.5934069230193, -759.5698922988751, -643.7500456922585, -377.8600287777796, -608.5803502627598, -741.1275972472517, -858.0619060564895, -730.2837118969937, -897.5925621228067, -632.3926812907197, -855.0173102494688, -457.23187644158793, -824.1464593351826, -988.518257758913, -630.5715067378953, -257.76267511095494, -747.497149047097, -497.9197786892127, -255.2516991369355, -375.28616879422714, -241.00391438446036, -821.4792317117826, -126.98052585585148, -236.88575290175766, -702.1480747944075, -465.0420460944205, -126.42702541881201, -706.4854269707546, -126.47830655484968, -125.99561980647486, -1096.0982132108115, -363.87215203249815, -1488.3125726224137, -244.16510283429773, -827.8485411566883, -603.217683332102, -1432.4163326457765, -800.0631899658725, -582.6948674580981, -246.98195865884009, -355.0925773540466, -694.9971826615354, -3.310339491854182, -351.6461394864227, -238.2401793038175, -245.737953429349, -238.042406658416, -121.9147413322856, -242.5993415760545, -1178.8133010952806, -1626.7223771578697, -715.9946334410349, -236.280963235854, -359.22215218862357, -1774.455894597833, -1.9835544552366617, -835.2337486158395, -505.4299095049107, -509.33200633029213, -897.3234421064702, -125.64221891784781, -0.8647737769882098, -584.3830484868577, -355.23124927240974, -467.7983862661887, -124.35726610197408, -1.2779427519938558, -123.6798796127032, -946.5612504092613, -235.13361784039665, -459.66494494760735, -992.2366136284409, -669.9191317089571, -1262.6492850044542, -1358.951580060293, -1390.0059590876567, -928.6871623963226], "episode_types": ["t", "t", "t", "t", "t", "t", "t", "t", "t", "t", "t", "t", "t", "t", "t", "t", "t", "t", "t", "t", "t", "t", "t", "t", "t", "t", "t", "t", "t", "t", "t", "t", "t", "t", "t", "t", "t", "t", "t", "t", "t", "t", "t", "t", "t", "t", "t", "t", "t", "t", "t", "t", "t", "t", "t", "t", "t", "t", "t", "t", "t", "t", "t", "t", "t", "t", "t", "t", "t", "t", "t", "t", "t", "t", "t", "t", "t", "t", "t", "t", "t", "t", "t", "t", "t", "t", "t", "t", "t", "t", "t", "t", "t", "t", "t", "t", "t", "t", "t", "t", "t", "t", "t", "t", "t", "t", "t", "t", "t", "t", "t", "t", "t", "t", "t", "t", "t", "t", "t", "t", "t", "t", "t", "t", "t", "t", "t", "t", "t", "t", "t", "t", "t", "t", "t", "t", "t", "t", "t", "t", "t", "t", "t", "t", "t", "t", "t", "t", "t", "t"]}