{"initial_reset_timestamp": 1706884059.233198, "timestamps": [1706884065.219161, 1706884071.665241, 1706884078.3683717, 1706884083.4171064, 1706884088.285846, 1706884093.0734408, 1706884096.7280407, 1706884100.9192579, 1706884104.3928123, 1706884108.749915, 1706884112.9937692, 1706884117.8515625, 1706884121.9262052, 1706884125.6753466, 1706884130.1798732, 1706884134.2072127, 1706884139.7062743, 1706884144.9823596, 1706884149.9782119, 1706884154.7155511, 1706884159.1614861, 1706884163.7996397, 1706884167.930511, 1706884172.2489803, 1706884176.6877067, 1706884182.0304956, 1706884187.6183589, 1706884193.0065432, 1706884197.9865162, 1706884201.9829593], "episode_lengths": [200, 200, 200, 200, 200, 200, 200, 200, 200, 200, 200, 200, 200, 200, 200, 200, 200, 200, 200, 200, 200, 200, 200, 200, 200, 200, 200, 200, 200, 200], "episode_rewards": [-4.291238904479828, -257.42500417508137, -124.85300919925012, -128.82421286209612, -256.8190336131313, -126.59329230059483, -125.03769346768235, -237.84015180949532, -5.066326159611767, -7.770933186575356, -256.8410282360586, -129.38282434528216, -130.97960251230612, -131.0056395428145, -120.86111780761492, -131.04940594807445, -354.29193707183595, -3.246397593526911, -237.21400470838392, -123.2423749120029, -130.94589650642845, -126.13008917745157, -3.4687215760813785, -129.53156335994032, -254.99380308054225, -254.79515985609504, -11.053452518091579, -368.3148189929955, -125.46193637767205, -129.1626310623167], "episode_types": ["t", "t", "t", "t", "t", "t", "t", "t", "t", "t", "t", "t", "t", "t", "t", "t", "t", "t", "t", "t", "t", "t", "t", "t", "t", "t", "t", "t", "t", "t"]}