{"initial_reset_timestamp": 1706855652.7018862, "timestamps": [1706855671.7069104, 1706855691.0673761, 1706855710.0171812, 1706855729.0223951, 1706855748.2196562, 1706855767.305048, 1706855786.6187446, 1706855805.9828095, 1706855825.1797004, 1706855844.050647, 1706855863.2279866, 1706855882.0172143, 1706855901.2072484, 1706855920.3319952, 1706855940.0971625, 1706855959.3654728, 1706855978.5889204, 1706855998.332764, 1706856018.0794544, 1706856036.3622694, 1706856054.6234317, 1706856071.9513264, 1706856088.6195607, 1706856107.3562946, 1706856126.8844597, 1706856145.4524672, 1706856164.145681, 1706856183.046145, 1706856203.3143668, 1706856222.2463362, 1706856242.687111, 1706856262.6702409, 1706856282.0150015, 1706856301.5676093, 1706856321.145922, 1706856340.4924662, 1706856360.0394664, 1706856379.6283588, 1706856400.0481577, 1706856420.2367191, 1706856440.1787777, 1706856460.3898673, 1706856480.8115969, 1706856501.6217165, 1706856522.4900079, 1706856542.32581, 1706856560.8247685, 1706856580.9931953, 1706856600.8578737, 1706856620.364374, 1706856639.4165301, 1706856658.9481544, 1706856678.8365715, 1706856698.9832876, 1706856718.1962898, 1706856737.9080627, 1706856757.2957246, 1706856777.1904337, 1706856796.4400935, 1706856815.486887, 1706856834.7621984, 1706856854.627411, 1706856874.3492863, 1706856894.141778, 1706856913.6008859, 1706856932.9238987, 1706856952.343046, 1706856969.9936426, 1706856986.7713065, 1706857003.4637508, 1706857020.0184283, 1706857036.7258103, 1706857053.5717402, 1706857070.2273865, 1706857086.7268004, 1706857103.2276738, 1706857119.950449, 1706857136.6310325, 1706857153.093699, 1706857169.6061223, 1706857186.4041648, 1706857204.8512084, 1706857226.9656317, 1706857245.8291996, 1706857263.3387232, 1706857281.0580218, 1706857299.7893457, 1706857320.922317, 1706857340.99228, 1706857360.333573, 1706857379.0230398, 1706857397.4546316, 1706857415.5353427, 1706857433.977875, 1706857452.5418148, 1706857471.110117, 1706857489.4880204, 1706857509.0900323, 1706857527.9719534, 1706857546.582834], "episode_lengths": [200, 200, 200, 200, 200, 200, 200, 200, 200, 200, 200, 200, 200, 200, 200, 200, 200, 200, 200, 200, 200, 200, 200, 200, 200, 200, 200, 200, 200, 200, 200, 200, 200, 200, 200, 200, 200, 200, 200, 200, 200, 200, 200, 200, 200, 200, 200, 200, 200, 200, 200, 200, 200, 200, 200, 200, 200, 200, 200, 200, 200, 200, 200, 200, 200, 200, 200, 200, 200, 200, 200, 200, 200, 200, 200, 200, 200, 200, 200, 200, 200, 200, 200, 200, 200, 200, 200, 200, 200, 200, 200, 200, 200, 200, 200, 200, 200, 200, 200, 200], "episode_rewards": [-1158.4937879581014, -1719.6170954418067, -1649.042797784242, -1063.75227016512, -1065.6696167519597, -923.6859652205796, -907.0414067550114, -544.7754587425164, -258.7742306181998, -125.87754237395839, -328.8609956141579, -131.66400835653675, -129.21085338112866, -5.038994047991116, -516.6729428966739, -124.88275189261958, -5.258119577017139, -127.22838740927658, -6.862223463911776, -5.278162085230517, -130.67332015396414, -124.0909226291914, -127.61879777988241, -231.15824535238383, -1.9886322783401813, -125.99322389555167, -125.23992010965623, -126.79593242136079, -246.62958599714202, -237.95645359738177, -242.48895755038154, -2.7272239483666785, -116.71346406713512, -123.31373153707672, -131.2043834915923, -127.14933659575146, -245.73715325615026, -2.218067648938883, -122.76599034264966, -119.61758552062257, -2.6212366252898947, -128.31761215481288, -126.64108642990288, -120.97131198988976, -125.0046429761707, -125.99696075271102, -241.21754156510332, -230.67765415048413, -117.06014131063799, -121.65370403682488, -128.14701688402886, -132.82058703271787, -122.87202741422877, -120.6103496319368, -239.6218788386914, -128.3668500505138, -230.86349875461843, -125.56796107950733, -224.31591988311055, -127.88796812599253, -1.6811952145362505, -124.27313219270376, -218.7144117341535, -119.04931802414445, -3.3794604929007788, -123.31746615887278, -137.01694109085136, -278.19872326108225, -354.0234984282471, -233.46084753082582, -247.3272112014207, -116.92672549820179, -128.25689103795324, -121.49319664385555, -123.01596427090921, -126.2157388041506, -343.2509683364667, -248.12862286180342, -127.04370428264558, -125.50457958619634, -129.38023831937747, -227.76418254154314, -123.87344215448532, -127.88924051947616, -275.7843037330184, -128.60173513281006, -130.0184973716259, -119.02791512885129, -119.27319387220622, -245.3175329474738, -2.5894994107664586, -240.89112276760127, -3.5988540216634393, -4.095632013789003, -225.52668856929967, -1.2729180569813854, -119.02541335448676, -129.88004347028868, -301.64948944174375, -123.79532558381054], "episode_types": ["t", "t", "t", "t", "t", "t", "t", "t", "t", "t", "t", "t", "t", "t", "t", "t", "t", "t", "t", "t", "t", "t", "t", "t", "t", "t", "t", "t", "t", "t", "t", "t", "t", "t", "t", "t", "t", "t", "t", "t", "t", "t", "t", "t", "t", "t", "t", "t", "t", "t", "t", "t", "t", "t", "t", "t", "t", "t", "t", "t", "t", "t", "t", "t", "t", "t", "t", "t", "t", "t", "t", "t", "t", "t", "t", "t", "t", "t", "t", "t", "t", "t", "t", "t", "t", "t", "t", "t", "t", "t", "t", "t", "t", "t", "t", "t", "t", "t", "t", "t"]}