{"initial_reset_timestamp": 1706874679.6706228, "timestamps": [1706874685.9487557, 1706874693.387938, 1706874701.1363728, 1706874708.3936393, 1706874716.0899138, 1706874723.4121819, 1706874731.4812403, 1706874739.8994749, 1706874748.3831215, 1706874756.685324, 1706874765.6221614, 1706874773.3918512, 1706874781.5217757, 1706874788.9851215, 1706874796.603719, 1706874805.2596362, 1706874813.8154187, 1706874821.5032625, 1706874829.2516, 1706874836.9838371, 1706874845.2047675, 1706874853.2448144, 1706874861.3894765, 1706874869.6920354, 1706874878.072243, 1706874886.023452, 1706874894.2301595, 1706874901.4860682, 1706874908.9471493, 1706874916.438894, 1706874924.5792923, 1706874932.9459915, 1706874941.3411424, 1706874949.5767167, 1706874958.0019846, 1706874965.8568556, 1706874973.9884348, 1706874982.0902727, 1706874989.6763556, 1706874997.359554, 1706875005.0225394, 1706875012.6526213, 1706875020.3053365, 1706875028.12039, 1706875036.250571, 1706875043.9136157, 1706875052.1782517, 1706875061.0184028, 1706875069.298302, 1706875078.3524303, 1706875086.9227157, 1706875096.3851533, 1706875105.2561364, 1706875113.3913343, 1706875122.1468444, 1706875130.4079664, 1706875138.1249259, 1706875146.081201, 1706875153.8502848, 1706875161.881866, 1706875169.791862, 1706875177.594948, 1706875185.3801885, 1706875193.246801, 1706875201.1765301, 1706875208.8360746, 1706875216.5664775, 1706875224.7395048, 1706875232.5554113, 1706875240.4970412, 1706875248.4390218, 1706875256.2978132, 1706875264.2056968, 1706875272.0470793, 1706875279.8308017, 1706875287.833567, 1706875295.993697, 1706875303.9728668, 1706875311.9395487, 1706875320.0064213], "episode_lengths": [200, 200, 200, 200, 200, 200, 200, 200, 200, 200, 200, 200, 200, 200, 200, 200, 200, 200, 200, 200, 200, 200, 200, 200, 200, 200, 200, 200, 200, 200, 200, 200, 200, 200, 200, 200, 200, 200, 200, 200, 200, 200, 200, 200, 200, 200, 200, 200, 200, 200, 200, 200, 200, 200, 200, 200, 200, 200, 200, 200, 200, 200, 200, 200, 200, 200, 200, 200, 200, 200, 200, 200, 200, 200, 200, 200, 200, 200, 200, 200], "episode_rewards": [-943.4347861512318, -1445.4924400290597, -1801.02354958485, -1611.2538550685454, -1207.9387640022464, -1038.063329482792, -1008.2731413699613, -739.4268484690294, -257.7714367924782, -129.54774015447967, -124.71900391621932, -0.7916375992486941, -317.36037276924003, -249.02223115444338, -357.58560220524583, -120.10753326443297, -129.6063503330066, -127.40894215433737, -258.6094222480658, -1.7454500757754206, -299.06194752475346, -1.7738226738310878, -520.9607336807526, -288.23370941619834, -120.04616184545117, -133.19437859426796, -261.4363584402238, -123.6548294707613, -122.97721925877666, -235.06420250385423, -118.49497119337228, -263.79753468971205, -242.80192238594492, -235.18644579665633, -429.3498071023178, -116.89851104399973, -126.19490351544805, -278.2877851475355, -122.83982093570582, -255.98753059531694, -234.9409465440714, -126.07178474882627, -7.294444405626514, -132.5537203126712, -127.42235181699857, -6.6841553856952585, -235.54194626742682, -259.1468398215847, -243.76895874813354, -253.37893198280253, -290.54042036555285, -127.202884785219, -384.93843654549914, -236.04691396933566, -243.4662208266572, -122.16062195681751, -129.90599453877098, -245.89233480878707, -237.11196148594024, -135.78068437242547, -249.09851391158284, -134.51970033405135, -13.479757509411137, -130.86106330018077, -12.729366536368325, -370.01713281207077, -122.7507907663235, -244.1226503282044, -374.1354081023297, -13.507823675940319, -130.57303154805578, -367.91090570826253, -250.5509255069733, -270.91993899378167, -132.50671542031736, -268.4789799966478, -274.32045686070217, -321.86687667537024, -124.09719629849558, -5.377236886190947], "episode_types": ["t", "t", "t", "t", "t", "t", "t", "t", "t", "t", "t", "t", "t", "t", "t", "t", "t", "t", "t", "t", "t", "t", "t", "t", "t", "t", "t", "t", "t", "t", "t", "t", "t", "t", "t", "t", "t", "t", "t", "t", "t", "t", "t", "t", "t", "t", "t", "t", "t", "t", "t", "t", "t", "t", "t", "t", "t", "t", "t", "t", "t", "t", "t", "t", "t", "t", "t", "t", "t", "t", "t", "t", "t", "t", "t", "t", "t", "t", "t", "t"]}